,주소,y,x
0,서울특별시 강남구 남부순환로3104,37.49567866,127.071912
1,서울특별시 강남구 개포로 621,37.49413139,127.0787831
2,서울특별시 송파구 양재대로 932,37.49453769,127.1087136
3,서울특별시 강남구 삼성로 628,37.51591066,127.0521426
4,서울특별시 강남구 선릉로108길 27,37.5103126,127.0463796
5,서울특별시 강동구 성내로 25,37.53016097,127.1237923
6,"서울특별시 강남구 개포로 509, 지하주차장 1층 8구역(개포동 183-2)",37.48970641,127.0682905
7,서울특별시 송파구 오금로68길8,37.49228385,127.1503534
8,서울특별시 송파구 백제고분로 242,37.50235785,127.0934902
9,서울특별시 강동구 천호대로 1183,37.53456231,127.1426858
10,서울특별시 강남구 봉은사로 130 지하5층 우측,37.50528056,127.0289194
11,서울특별시 강남구 개포로 25길 32,37.48202594,127.0484223
12,서울특별시 강남구 강남대로120길 33,37.50848958,127.0262229
13,서울특별시 강남구 개포동 13-2,37.49495024,127.0792999
14,"서울특별시 동작구 현충로 213, 출입구 왼쪽(동작동 326)",37.50364325,126.9786893
15,서울특별시 송파구 중대로 80 지하4층 C8,37.49176204,127.1178428
16,"서울특별시 송파구 올림픽로 240, 지하주차장 1층 M148구역(잠실동 40-1)",37.51130961,127.0981418
17,서울특별시 송파구 성내천로299-7,37.49427949,127.1562576
18,서울특별시 서초구 서초대로54길 45,37.49232427,127.016811
19,서울특별시 서초구 반포동 49-8,37.50003627,127.0104451
20,서울특별시 서초구 사평대로28길 70,37.49748589,127.0003286
21,서울특별시 서초구 방배로23길 31-6,37.48545108,126.9925624
22,"서울특별시 서초구 과천대로 950-18, 지상주차장 북주차장(우측)(방배동 507-1)",37.4752427,126.9839861
23,서울특별시 서초구 양재대로12길 73-71 (원지동),37.45964464,127.0426249
24,서울특별시 서초구 남부순환로 340길 58,37.48119596,127.0234336
25,서울특별시 송파구 올림픽로424,37.5203397,127.1155179
26,서울특별시 서초구 양재대로12길 74 1층 입구,37.45203345,127.0428112
27,서울특별시 서초구 남부순환로 2584,37.48362486,127.032683
28,"서울특별시 강남구 수서동 735, 지상주차장 북주차장(우측)",37.48792882,127.0999263
29,서울특별시 서초구 양재동 237,37.47254682,127.0382402
30,서울특별시 송파구 잠실동 84 우측 끝,37.51026916,127.0763975
31,서울특별시 강동구 고덕로28길 36 지하1층 좌측,37.55270787,127.1379968
32,서울특별시 강남구 압구정로 161,37.52684175,127.0270569
33,서울특별시 강남구 압구정동 453,37.52972693,127.0278511
34,서울특별시 송파구 올림픽로 424 ,37.5203397,127.1155179
35,"서울특별시 강동구 고덕로 276, 지하주차장 1층 E구역(명일동 46-4)",37.55470672,127.1556131
36,"서울특별시 서초구 매헌로 16, 지하주차장 2층 Z구역(양재동 215)",37.46246735,127.0369479
37,서울특별시 강남구 개포로 607,37.49215148,127.0736788
38,서울특별시 강남구 광평로 126,37.48337906,127.0864829
39,서울특별시 동작구 흑석로 102 다정관 뒤편,37.50603801,126.9604218
40,서울특별시 송파구 성내천로33가길20,37.50024799,127.1548402
41,서울특별시 강동구 진황도로29길 34 지하1층 26,37.53912769,127.1332691
42,서울특별시 강남구 개포로 625,37.49778119,127.0824762
43,서울특별시 강남구 일원동 4-49,37.49412287,127.0874366
44,서울특별시 강남구 테헤란로606,37.50873367,127.0642817
45,"서울특별시 강남구 남부순환로 3104, 지하주차장 3층 M418구역(대치동 514)",37.49567866,127.071912
46,서울특별시 동작구 대방동 70-5 ,37.5139278,126.9314287
47,"서울특별시 동작구 노량진로 53, 현대자동차 남부서비스센터 본관 후문 주차장(대방동 70-1)",37.51394483,126.9344471
48,서울특별시 동작구 장승배기로 161동작구청 별관앞 부설주차장,37.51252777,126.9399421
49,서울특별시 송파구 장지동,37.47855526,127.1365732
50,서울특별시 송파구 송파대로 지하6(596-21 복정역),37.471056,127.1267712
51,서울특별시 서초구 바우뫼로12길 73(그린에너지 스테이션),37.46837777,127.0343737
52,서울특별시 강동구 천호대로 지하997(455 천호역),37.53857898,127.1237424
53,서울특별시 강동구 천호대로 1015천호역공영주차장 지하1층 A35구역 ,37.53850411,127.1251077
54,서울특별시 강남구 논현로 516주유소 입구 부근(역삼동 668-13),37.50273402,127.0364874
55,서울특별시 강남구 논현로 508 (GS타워 지하5층),37.50199493,127.0373364
56,서울특별시 송파구 탄천동로 740주유소 출구 부근(장지동 875-1),37.47583755,127.1236412
57,서울특별시 동작구 여의대방로 214주유소 출구 부근(383-19 대방주유소),37.50573583,126.9228813
58,서울특별시 강남구 봉은사로113길 51동호주유소,37.51851331,127.0646763
59,서울특별시 강동구 천호대로 1452충전소 입구 부근,37.54506031,127.1700315
60,서울특별시 서초구 사평대로 364주유소 사무실 우측 부근,37.50373272,127.0231956
61,서울특별시 강남구 삼성로 563주유소 입구 부근,37.51188486,127.053593
62,서울특별시 서초구 동작대로 206선천주유소,37.49493332,126.9832156
63,서울특별시 송파구 위례중앙로 43주유소 출구 부근(장지동 908),37.47535281,127.1322885
64,서울특별시 강동구 양재대로 1323신월주유소,37.52453521,127.1344215
65,서울특별시 강동구 올림픽로 791충전소 건물 좌측 부근,37.55176745,127.127877
66,서울특별시 서초구 남부순환로 2451연일주유소,37.48260195,127.0185804
67,서울특별시 송파구 동남로 153우리주유소(가락동 137-9),37.4924715,127.1273833
68,서울특별시 강남구 자곡동 자곡로 260 ,37.47654872,127.1116057
69,서울특별시 강남구 자곡동 자곡로3길 21 ,37.47176961,127.088116
70,서울특별시 강남구 선릉로 121길 12,37.51450075,127.0409805
71,서울특별시 서초구 우면동 788,37.4584617,127.0236549
73,서울특별시 송파구 중대로20길 6(가락동),37.49867675,127.1266095
74,서울특별시 송파구 가락동 동남로 193,37.49469823,127.1292231
75,서울특별시 송파구 가락동 중대로12길 35,37.49201556,127.1254714
76,서울특별시 강남구 일원동 일원로 127,37.48315929,127.0853838
77,서울특별시 강남구 학동로 426,37.51796816,127.0470598
78,서울특별시 강남구 자곡동 자곡로 260,37.47654872,127.1116057
79,서울특별시 강남구 언주로 211,37.49280599,127.0463104
80,서울특별시 강남구 자곡동 자곡로 175,37.47425017,127.1025413
81,서울특별시 강남구 율현동 밤고개로27길 20,37.47090192,127.1097663
82,서울특별시 강남구 율현동 밤고개로26길 50,37.46781108,127.1048213
83,서울특별시 강동구 성내로 45,37.52954199,127.1255855
84,서울특별시 강동구 양재대로 1318,37.52386992,127.135445
85,서울특별시 강동구 천호동 천호대로 1089 ,37.53660488,127.1331156
86,서울특별시 강동구 강일동 아리수로94길 19,37.56273301,127.1772602
87,서울특별시 강동구 강일동 고덕로97길 20 ,37.55920849,127.1799976
88,서울특별시 강동구 강일동 고덕로97길 100,37.562735,127.1799929
89,서울특별시 강동구 강일동 아리수로93길 40 ,37.56551714,127.1751066
90,서울특별시 강동구 강일동 아리수로97길 20,37.56851427,127.1781372
91,서울특별시 강동구 아리수로98길 25,37.56527657,127.178359
92,서울특별시 강남구 역삼동 역삼로 306 ,37.49897727,127.0469596
93,서울특별시 강남구 역삼동 755-1,37.49972162,127.0499793
94,서울특별시 강남구 일원동 개포로110길 15,37.49324377,127.0791148
95,서울특별시 송파구 잠실동 40,37.51110383,127.0939187
96,서울특별시 송파구 거여동 양산로8길 8 ,37.49091614,127.144567
97,서울특별시 송파구 거마로2길 19(거여동),37.49353897,127.1468274
98,서울특별시 송파구 거여동 양산로4길 8 ,37.48958525,127.1433917
99,서울특별시 송파구 거여동 양산로4길 16 ,37.48920968,127.1449643
100,서울특별시 강동구 성내동 풍성로53길 40 ,37.5311317,127.1353857
101,서울특별시 강동구 상일로 74,37.55136837,127.1747855
102,서울특별시 강동구 고덕동 동남로79길 26,37.55918388,127.1537442
103,서울특별시 동작구 동작대로 19,37.47830883,126.9809585
104,서울특별시 서초구 논현로5길 29,37.47163961,127.0485047
105,서울특별시 서초구 반포대로 201지상주차장,37.4974226,127.0032279
106,서울특별시 강남구 삼성동 봉은사로111길 25 ,37.51673102,127.0647115
107,서울특별시 강동구 길동 명일로 293 ,37.54470657,127.1463634
108,서울특별시 서초구 양재대로2길 116-19,37.45687522,127.0159876
109,서울특별시 동작구 대방동 여의대방로44길 9,37.50973084,126.9259178
110,서울특별시 동작구 노량진로 47,37.51373753,126.9306811
111,서울특별시 동작구 상도동 양녕로 287지하3층,37.50540243,126.9493142
112,서울특별시 강남구 영동대로65길 24,37.50230433,127.0641877
113,서울특별시 강남구 대치동 삼성로64길 5,37.50044687,127.0605134
114,서울특별시 서초구 헌릉로 13(300-9 대한무역투자진흥공사(코트라)),37.46512254,127.0447513
115,서울특별시 송파구 올림픽로35길 93,37.51773252,127.1044332
116,서울특별시 강남구 도곡동 언주로30길 13,37.48814221,127.0506743
117,서울특별시 강남구 도곡동 선릉로 221,37.49420684,127.0497348
118,서울특별시 강남구 삼성로67길 14,37.50113517,127.0583172
119,서울특별시 서초구 강남대로8길 77(370-5 동산마을구립주차장),37.47004636,127.044349
120,서울특별시 동작구 신대방동 신대방1가길 38,37.487901,126.9069396
121,서울특별시 강동구 둔촌동 명일로 172,37.53413819,127.1450708
122,서울특별시 강남구 삼성동 봉은사로 645,37.51554948,127.0657975
123,서울특별시 강남구 자곡동 자곡로 101 ,37.47265508,127.0958055
124,서울특별시 강남구 역삼동 도곡로43길 20,37.49686518,127.0486171
125,서울특별시 강남구 대치동 삼성로51길 37,37.49343619,127.0576977
126,서울특별시 강남구 대치동 도곡로93길 12,37.50151236,127.0654747
128,서울특별시 강남구 삼성동 103-22,37.5171348,127.0639728
129,서울특별시 동작구 대방동 상도로 53 ,37.49997351,126.9265216
130,서울특별시 서초구 서초동 사임당로 17,37.48778269,127.012025
131,서울특별시 서초구 서초동 서운로 221,37.50209719,127.019869
132,서울특별시 송파구 잠실동 잠실로 88,37.50753416,127.0932143
133,서울특별시 서초구 방배동 동광로1길 112,37.49699665,126.9847253
134,서울특별시 서초구 방배중앙로 204B4-06,37.49727852,126.9857335
135,서울특별시 송파구 성내천로43길 6,37.4952871,127.1555585
137,서울특별시 강동구 구천면로 395(명일동),37.55104077,127.1429044
138,서울특별시 강동구 명일동 동남로71길 19,37.55104453,127.1547206
139,서울특별시 송파구 문정로 지하 12지하1층,37.48594949,127.1238939
140,서울특별시 송파구 문정동 문정로 83,37.48920432,127.130232
141,서울특별시 서초구 동광로39길 68,37.49803244,126.9997819
142,서울특별시 서초구 반포동 고무래로 35 ,37.50446749,127.0124545
143,서울특별시 서초구 반포동 서초중앙로29길 28 ,37.49997334,127.0087056
144,서울특별시 서초구 방배동 서초대로34길 34 ,37.48724666,126.9990148
145,서울특별시 서초구 방배동 동광로 89-5,37.49438697,126.9919899
146,서울특별시 서초구 방배동 방배로 278,37.49734456,126.9881176
147,서울특별시 서초구 방배동 424-28,37.48362314,126.9844467
148,서울특별시 서초구 동작대로 22-2(495-3 가로분식점),37.47840946,126.9819709
149,서울특별시 서초구 방배동 동광로3길 18,37.49146231,126.9848072
150,서울특별시 송파구 백제고분로 481,37.5135645,127.1138615
151,서울특별시 동작구 신대방동 보라매로5가길 16,37.4912751,126.9240947
152,서울특별시 동작구 국사봉16길 28(301-132 빙수골장미공영주차장),37.49342277,126.9335543
153,서울특별시 동작구 사당동 사당로27길 190,37.49095711,126.9715874
154,서울특별시 강남구 삼성동 봉은사로109길 14-8,37.51631693,127.0648655
155,서울특별시 강남구 삼성동 48,37.51398223,127.0498759
156,서울특별시 강남구 삼성동 학동로64길 14 ,37.51676411,127.0446104
157,서울특별시 강남구 삼성동 3-8,37.51718219,127.0443285
158,서울특별시 강남구 삼성동 학동로68길 30,37.51657975,127.0465099
159,서울특별시 강남구 삼성동 삼성로99길 14 ,37.50921211,127.0538239
160,서울특별시 강동구 명일동 260-1,37.54604273,127.1471771
161,서울특별시 송파구 백제고분로32길 25-17(삼전동),37.50024821,127.0958792
162,서울특별시 서초구 반포동 동광로32길 7,37.49371388,126.9972921
163,서울특별시 동작구 상도동 상도로60길 20,37.49318623,126.9532605
164,서울특별시 동작구 상도동 등용로 37,37.50523976,126.9331339
165,서울특별시 동작구 상도동 상도로 346-2 ,37.49475271,126.9482708
166,서울특별시 동작구 상도동 장승배기로 11,37.49950541,126.9431235
167,서울특별시 강남구 일원동 일원로 120,37.48520191,127.0826728
168,서울특별시 서초구 헌릉로 260,37.45571728,127.0688514
169,서울특별시 동작구 여의대방로 54길 18,37.51160872,126.9272264
170,서울특별시 서초구 양재대로2길 109,37.4561155,127.0137834
171,서울특별시 서초구 서초동 1529,37.4862635,127.0089752
172,서울특별시 서초구 서초동 반포대로10길 42,37.48381892,127.0141774
173,서울특별시 서초구 우면동 형촌길 35,37.46410908,127.019107
174,서울특별시 서초구 우면동 태봉로2길 30,37.46115288,127.0256508
175,서울특별시 서초구 우면동 태봉로 18,37.46107304,127.0211311
176,서울특별시 서초구 내곡동 헌릉로8길 58지하,37.45324439,127.0624773
177,서울특별시 서초구 서초동 1542-1,37.49159914,127.0083627
178,서울특별시 서초구 서초동 사임당로17길 90,37.49260442,127.0184123
179,서울특별시 서초구 서초동 서초중앙로24길 57,37.49697279,127.0194178
180,서울특별시 서초구 서초동 서초중앙로2길 41,37.48430494,127.0196977
181,서울특별시 서초구 서초동 1568-1,37.49070341,127.0128098
182,서울특별시 서초구 효령로 72길 60,37.48560466,127.0280788
183,서울특별시 서초구 신원동 청계산로7길 43,37.45114197,127.0576835
184,서울특별시 서초구 우면동 양재대로2길 90,37.45760527,127.0175705
185,서울특별시 강동구 성내동 598,37.53329459,127.1309521
186,서울특별시 강동구 성내동 410-2,37.53052814,127.1335443
187,서울특별시 강동구 성내동 풍성로 128 ,37.52994395,127.1259811
188,서울특별시 강남구 세곡동 508,37.46422962,127.1005025
189,서울특별시 강남구 세곡동 헌릉로590길 11 ,37.46438764,127.104165
190,서울특별시 강남구 세곡동 헌릉로590길 63,37.46104654,127.1015409
191,서울특별시 강남구 세곡동 533지하,37.46677934,127.092967
192,서울특별시 송파구 백제고분로44길 13-25,37.50702452,127.1133413
193,서울특별시 송파구 신천동 29-5 송파구청 앞,37.51461402,127.1060893
194,서울특별시 송파구 장지동 879,37.47935896,127.1401854
195,서울특별시 송파구 송파동 오금로32길 14,37.50525374,127.1178045
196,서울특별시 송파구 가락동 송파대로28길 27,37.49488689,127.1200932
197,서울특별시 송파구 장지동 위례광장로 270 ,37.47710633,127.1436517
198,서울특별시 송파구 장지동 송파대로8길 20,37.47813402,127.1311867
199,서울특별시 송파구 장지동 833,37.48700712,127.1348112
200,서울특별시 송파구 장지동 충민로4길 5,37.47962067,127.1297265
201,서울특별시 송파구 충민로6길 14,37.48069773,127.1314396
202,서울특별시 송파구 마천동 성내천로37길 37,37.49878503,127.1581013
203,서울특별시 송파구 마천동 성내천로47길 38 ,37.49634097,127.158163
204,서울특별시 송파구 풍납동 풍성로26길 31,37.53084983,127.1183046
205,서울특별시 동작구 신대방동 여의대방로10길 100,37.49157807,126.9145347
206,서울특별시 동작구 신대방동 여의대방로 28,37.49527344,126.9116905
207,서울특별시 강동구 둔촌동 명일로 102 ,37.5276464,127.1425472
208,서울특별시 서초구 신반포로 176주차장,37.50393518,127.002413
209,서울특별시 송파구 거여동 28,37.49190319,127.1466139
210,서울특별시 강남구 삼성동 영동대로 640,37.51839825,127.0595493
211,서울특별시 서초구 반포동 신반포로15길 19 ,37.506252,126.9926731
212,서울특별시 강남구 논현동 276-1,37.5095251,127.0389548
213,서울특별시 강동구 암사동 고덕로 53,37.55498106,127.1311421
214,서울특별시 강동구 둔촌동 명일로 110 ,37.52880785,127.1431659
215,서울특별시 강남구 신사동 압구정로42길 78지하2층,37.52404866,127.0336321
216,서울특별시 서초구 양재동 212,37.46500169,127.0361551
217,서울특별시 서초구 우면동 양재대로2길 11,37.45912968,127.0255377
218,서울특별시 강남구 역삼동 도곡로57길 12,37.49669938,127.0512217
219,서울특별시 강남구 역삼동 755-4지하2층,37.49877768,127.0498785
220,서울특별시 강남구 역삼동 757지하,37.4975161,127.0500481
221,서울특별시 서초구 서초동 700,37.4810863,127.0152452
222,서울특별시 강남구 대치동 950,37.50688336,127.0622778
223,서울특별시 서초구 서초동 반포대로26길 20,37.4901998,127.0104492
224,서울특별시 송파구 장지동 380-1,37.47597191,127.1355403
225,서울특별시 송파구 장지동 위례광장로 185,37.48048057,127.139929
226,서울특별시 송파구 장지동 위례광장로 215,37.48171208,127.1448547
227,서울특별시 동작구 동작동 동작대로39길 22,37.49463598,126.981966
228,서울특별시 송파구 신천동 올림픽로 269,37.51442735,127.1006114
229,서울특별시 송파구 잠실동 250-5,37.50476064,127.0877455
230,서울특별시 송파구 방이동 양재대로 1089 ,37.50585103,127.1224827
231,서울특별시 서초구 강남대로109길 73-5잠원동방음언덕형 공영주차장,37.51644755,127.0165876
232,서울특별시 강동구 구천면로 42길 60(천호동),37.54498878,127.1362629
233,서울특별시 강남구 청담동 영동대로142길 16 ,37.52475781,127.056212
234,서울특별시 강남구 청담동 영동대로138길 12,37.52410147,127.0572498
235,서울특별시 강남구 청담동 학동로97길 31,37.52138028,127.0545488
236,서울특별시 강남구 도곡동 언주로30길 57,37.48947513,127.0540058
237,서울특별시 강남구 도곡동 언주로30길 56,37.48806952,127.0534832
238,서울특별시 강남구 도곡동 언주로30길 26,37.48776325,127.0525302
239,서울특별시 서초구 잠원로3길 40지하2층,37.50821285,127.0036587
240,서울특별시 송파구 토성로 64(풍납동),37.52875563,127.1167697
241,서울특별시 송파구 풍납동 올림픽로47길 9 ,37.52741656,127.1180405
242,서울특별시 송파구 풍납동 토성로 38-6,37.52946079,127.1140542
243,서울특별시 강동구 암사동 고덕로19길 30,37.55614952,127.1338319
244,서울특별시 강동구 암사동 올림픽로104길 41,37.55601171,127.1313063
245,서울특별시 송파구 올림픽로35길 137(신천동),37.51592726,127.0996432
246,서울특별시 서초구 서초동 1343-2,37.48761264,127.0261651
247,서울특별시 강남구 율현동 101-13,37.47025525,127.1184614
248,서울특별시 서초구 서초동 1338,37.49089477,127.0294854
249,서울특별시 강남구 역삼동 710,37.50147088,127.0449213
250,서울특별시 서초구 방배동 774-19,37.49425995,126.9889505
251,서울특별시 서초구 방배동 772-13,37.49517631,126.9883664
252,서울특별시 강동구 천호대로 1005,37.53897505,127.124441
253,서울특별시 송파구 송파동 송파대로48길 29,37.51034277,127.1071372
254,서울특별시 강동구 양재대로 1571,37.54571459,127.1422553
255,서울특별시 동작구 흑석동 흑석한강로 2,37.50659905,126.9665166
256,서울특별시 강동구 암사동 675,37.54882027,127.1253702
257,서울특별시 강남구 도곡로77길 23외부주차장,37.49972974,127.0578495
258,서울특별시 강남구 도곡로18길 57,37.4883103,127.0388804
259,서울특별시 강남구 남부순환로378길 34-9,37.48372308,127.046407
260,서울특별시 강남구 봉은사로 616,37.51435594,127.0626072
261,서울특별시 강남구 압구정로 128,37.52397448,127.0227964
262,서울특별시 강남구 압구정로33길 48,37.53061724,127.0306522
263,서울특별시 강남구 자곡로 36,37.46848878,127.0938226
264,서울특별시 강동구 성내로 51,37.52909735,127.12634
265,서울특별시 송파구 양산로8길 24,37.48964757,127.1466437
266,서울특별시 강남구 테헤란로 521지하4층주차장,37.50919169,127.0608069
267,"서울특별시 동작구 여의대방로10길 97 (신대방동, 남부수도사업소)",37.49241456,126.9154005
268,서울특별시 동작구 사당로23길 112,37.48779573,126.9734721
269,서울특별시 송파구 올림픽로 240B2 M248,37.51130961,127.0981418
270,"서울특별시 강남구 삼성로 156(강남구 대치동 509, 지하 2층)",37.49423746,127.0638305
271,서울특별시 서초구 서초대로1길 2,37.4866419,126.983331
272,서울특별시 강동구 상암로3길 77,37.55417146,127.1272373
273,서울특별시 서초구 성촌길 33,37.46502512,127.0227621
274,서울특별시 서초구 성촌길 56,37.46652055,127.0231268
275,서울특별시 서초구 성촌길 34,37.4662001,127.0242692
276,서울특별시 서초구 성촌길 33AB동 지하5층 506,37.46502512,127.0227621
277,서울특별시 서초구 성촌길 33C동 지하3층 353,37.46502512,127.0227621
278,서울특별시 서초구 성촌길 56DE동 지하4층 423,37.46652055,127.0231268
279,서울특별시 동작구 상도로 407,37.49391739,126.9577733
280,서울특별시 서초구 우면동 15,37.46958641,127.0285096
281,서울특별시 서초구 서운로 122지하3층 주차장,37.49455044,127.0259504
282,서울특별시 서초구 반포대로 122(1542-6 현대ESA2아파트),37.49109086,127.0085598
283,서울특별시 강남구 수서동735,37.48792882,127.0999263
284,서울특별시 동작구 상도로 369학생회관 지하1층 주차장,37.49642897,126.9551579
285,서울특별시 송파구 성내천로21길 11,37.50002591,127.1443661
286,서울특별시 서초구 논현로27길 57,37.47901371,127.0414979
287,"서울특별시 송파구 동남로 189지하 3층, 4층 주차장",37.49466141,127.1298537
288,서울특별시 강동구 올림픽로 875,37.55985237,127.1308334
289,서울특별시 강남구 선릉로 423(716 동부센트레빌),37.50250307,127.0494416
290,서울특별시 강남구 강남대로 128길 20 영동프라자,37.50999521,127.0238232
291,서울특별시 강남구 영동대로 513,37.51182391,127.059159
292,서울특별시 송파구 올림픽로300,37.51375196,127.1044469
293,서울특별시 강동구 천호대로997(강동구 천호동 455),37.53933917,127.1233017
294,서울특별시 강남구 영동대로 513지하 3층 라이브존(159 코엑스 지하 3층 라이브존),37.51182391,127.059159
295,서울특별시 강남구 개포로625,37.49778119,127.0824762
296,서울특별시 서초구 청계산로10,37.4632288,127.0435302
297,서울특별시 강남구 대치동514-1,37.49706944,127.0725263
298,서울특별시 강남구 삼성로 150외부주차장,37.49569534,127.0685647
299,서울특별시 송파구 올림픽로 293-19지하2층주차장,37.51512339,127.1024804
300,서울특별시 강남구 언주로 120지하3층 주차장,37.4867571,127.0512771
301,서울특별시 서초구 서초중앙로24길 27B3주차장 기둥27,37.495411,127.0164023
302,"서울특별시 강남구 개포로109길 69 (개포동, 엘지개포자이)LG개포자이아파트",37.49629231,127.0761273
303,"서울특별시 서초구 고무래로10길 39 (반포동, 엠브이아파트)지하주차장",37.49916555,127.0102513
304,"서울특별시 강남구 언주로 110 (개포동, 경남아파트)(649 (경남아파트))",37.48541081,127.0547048
305,"서울특별시 강남구 언주로116길 6 (논현동, 동부센트레빌)",37.51047984,127.0371833
306,"서울특별시 강남구 학동로30길 21 (논현동, 논현베르빌)(214-2 (논현베르빌))",37.51273268,127.0327051
307,"서울특별시 강동구 양재대로91길 62 (성내동, 동아1차아파트) 상가동",37.52874365,127.1326389
308,"서울특별시 동작구 신대방1가길 38 (신대방동, 동작상떼빌아파트)",37.487901,126.9069396
309,"서울특별시 송파구 오금로11길 21-9(방이동, 잠실딜라이트호텔)",37.5153882,127.1093104
310,"서울특별시 서초구 사임당로23길 12 (서초동, 롯데캐슬스파아파트)",37.49097642,127.0209668
311,서울특별시 강동구 구천면로 452BS EPS실 앞,37.54896236,127.1475867
312,서울특별시 강동구 양재대로134길 52B1 전기실 앞,37.54739941,127.1464209
313,서울특별시 송파구 송파대로 167지하4층 112기둥옆,37.4846615,127.1209336
314,서울특별시 동작구 보라매로5가길 24지하4층,37.49069953,126.9239441
315,"서울특별시 동작구 상도로31길 19 (상도동, 브라운스톤상도아파트)",37.50623587,126.9445418
316,"서울특별시 동작구 사당로16아길 6 (사당동, 사당4동주민센터)(300-8 (사당4동주민센터))",37.48097575,126.9716337
317,"서울특별시 동작구 사당로2가길 219 (사당동, 사당5동주민센터)(228-11 (사당5동주민센터))",37.48566276,126.9669792
318,"서울특별시 동작구 사당로9가길 82 (사당동, 사당경남아너스빌아파트)",37.4882815,126.9671339
319,"서울특별시 강남구 학동로68길 30 (삼성동, 삼성동중앙하이츠빌리지)",37.51657975,127.0465099
320,서울특별시 강남구 학동로68길 30지하3층 주차장 기둥37,37.51657975,127.0465099
321,서울특별시 강남구 남부순환로 3104 주차장,37.49567866,127.071912
322,서울특별시 강남구 자곡로 201지하4층(더샵 라르고),37.47537759,127.1047139
323,서울특별시 강남구 헌릉로590길 63지하2층주차장,37.46104654,127.1015409
324,서울특별시 강남구 자곡로 174-10지하3층 B10기둥(자곡동 649),37.47267424,127.1030193
325,서울특별시 강남구 학동로 165지하2층주차장(58-2 마일스디오빌),37.51386117,127.0289785
326,서울특별시 강남구 언주로147길 9-11지하2층 출입구 정면 주차장,37.51920436,127.0341385
327,서울특별시 강남구 선릉로 130길 20지하주차장2층 95-96,37.51566608,127.0433438
328,서울특별시 강남구 개포로 621지하3층 주차장,37.49413139,127.0787831
329,서울특별시 강남구 선릉로 524지하3층 01기둥(140-3 선릉대림아크로텔),37.50665507,127.0483862
330,서울특별시 강남구 역삼로 251주차장(731 신한아트홀),37.49863107,127.0440226
331,서울특별시 강남구 도곡로21길 15지하1층(795-41 역삼동월드메르디앙아파트),37.49276828,127.0384301
332,"서울특별시 강남구 테헤란로 440지하2층 6I구역, 지하5층 5A구역",37.50581497,127.056131
333,서울특별시 강남구 영동대로 513서문 옥상 주차장,37.51182391,127.059159
334,서울특별시 강동구 아리수로93가길 77지하1층 107동쪽 O66기둥(215 강동리버스트6단지),37.56973609,127.1715778
335,서울특별시 강동구 성내로 39주차장,37.52945788,127.1253721
336,서울특별시 강동구 양재대로112길 77지하1층(401-1 길동하나플러스),37.53622292,127.1438934
337,서울특별시 강동구 올림픽로 667지하3층주차장,37.54113607,127.1239511
338,서울특별시 강동구 상암로41길 45지하주차장,37.54822575,127.140835
339,서울특별시 강동구 천호대로162길 34지하3층주차장,37.53557714,127.1279523
340,서울특별시 강동구 천호대로 1095지하7층(565 현대코아아파트),37.53594221,127.1336623
341,서울특별시 서초구 청계산로15길 77주차장,37.44935828,127.0583143
342,서울특별시 강남구 봉은사로 130 실외주차장,37.50528056,127.0289194
343,서울특별시 송파구 양재대로 932 지하3층 S13,37.49453769,127.1087136
344,서울특별시 송파구 양재대로 932 지하3층 I07,37.49453769,127.1087136
345,서울특별시 송파구 양재대로 932 친환경농산물집배송센터 지상주차장,37.49453769,127.1087136
346,서울특별시 송파구 법원로 135 지하3층 주차장 3A 구역,37.48698726,127.1183666
347,서울특별시 동작구 여의대방로 16길 55주차장,37.49467213,126.9177186
348,"서울특별시 동작구 상도로55길 47지하2층B2 09구역, 지하3층B2 19구역, 지하4층B2 39구역",37.49834009,126.9588505
349,서울특별시 동작구 신대방1나길 45지하1층주차장,37.48588021,126.9070485
350,서울특별시 송파구 마천로 287 1층주차장,37.49684218,127.1485343
351,서울특별시 서초구 청두곶길 36,37.47977264,126.9855596
352,서울특별시 강남구 양재천로 199,37.48342575,127.0470805
353,서울특별시 강남구 광평로34길 124 주차장,37.47974583,127.0878269
354,서울특별시 서초구 헌릉로 260 주차장,37.45571728,127.0688514
355,서울특별시 서초구 잠원로14길 32지하2층 91기둥(신반포 리오센트),37.51793353,127.0141425
356,서울특별시 서초구 서초대로38길 12지하5층 Q역,37.49049503,127.0053816
357,서울특별시 서초구 사평대로 273지하 2층 주차장,37.50509404,127.0133786
358,서울특별시 서초구 신반포로15길 16청사앞 야외주차장,37.50458659,126.9944715
359,서울특별시 서초구 신반포로 23길 78지하1층주차장,37.51204799,127.0056087
360,서울특별시 서초구 사평대로28길 70주차장,37.49748589,127.0003286
361,서울특별시 서초구 반포대로39길 64-5지하1층(반포 루이캐슬),37.49800162,127.0011479
362,서울특별시 서초구 효령로 29길 43지상주차장,37.48336166,126.9945139
363,서울특별시 서초구 방배로 40지하1층 주차장,37.47843876,126.9999966
364,서울특별시 서초구 방배로 173지하 2층 주차장,37.48900761,126.9922424
365,서울특별시 서초구 방배천로 11A동 지하6층 33구역(444-3 SK리더스뷰),37.47770076,126.9822361
366,"서울특별시 서초구 방배로26길 41지하1층 07번, 지하2층 08번, 지하3층 18번",37.49033392,126.9942334
367,서울특별시 서초구 서초대로 13지하1층 01기둥(방배 마에스트로),37.48590765,126.9838491
368,서울특별시 서초구 동광로19길 38지상주차장,37.49414867,126.988847
369,서울특별시 서초구 효령로 114지하5층 주차장,37.48075395,126.9966784
370,서울특별시 서초구 사임당로 89지하1층 주차장,37.49019154,127.0194671
371,서울특별시 서초구 서초대로70길 51지하1층 주차장,37.49206947,127.0249478
372,서울특별시 서초구 효령로34길 92지하2층(1019-3 신구블레스밸리아파트),37.47781454,127.001234
373,서울특별시 서초구 나루터로 38지하 2층 주차장,37.51496808,127.0139821
374,서울특별시 서초구 신반포로33길 64지하1층 D2기둥(63-34 잠원한신로얄아파트),37.5133111,127.008689
375,서울특별시 서초구 효령로77길 20지하3층 B3-4기둥(1338 현대ESA아파트),37.4908754,127.029487
376,서울특별시 서초구 사평대로 67주차장,37.49844996,126.9919335
377,서울특별시 송파구 송파대로 28길 39주차장,37.49558031,127.1217613
378,서울특별시 송파구 오금로 53길 32주차장,37.49694018,127.1433044
379,서울특별시 송파구 오금로56길 28주차장,37.49236486,127.1430923
380,서울특별시 송파구 오금로56길 16지하2층 B13구역,37.49290941,127.1419818
381,서울특별시 송파구 올림픽로 300지하3층 N5~R5 구역,37.51375196,127.1044469
382,"서울특별시 송파구 올림픽로 300지하4층 N3, M3, N5 구역",37.51375196,127.1044469
383,서울특별시 송파구 오금로 307지하 4층주차장,37.5034739,127.1266739
384,서울특별시 송파구 마천로 303건물앞 화단 우측,37.49600273,127.1499482
385,서울특별시 송파구 동남로 116주차장,37.49007382,127.1241807
386,서울특별시 송파구 중대로 16주차장,37.48988331,127.1108968
387,"서울특별시 송파구 법원로 114A동 지하2층, C동 지하5층",37.48605528,127.1210094
388,서울특별시 송파구 위례성대로 16길 22주차장,37.5109768,127.1239058
389,서울특별시 송파구 송이로 32주차장,37.50231833,127.1167367
390,서울특별시 송파구 송파대로28길 43지하5층(77-4 송파KCC웰츠타워),37.4957322,127.1221296
391,서울특별시 송파구 중대로 25길 5주차장,37.50299026,127.1280831
392,서울특별시 송파구 위례광장로 210주차장,37.48116566,127.1439378
393,서울특별시 송파구 올림픽로 159주차장,37.51189159,127.0885409
394,서울특별시 송파구 백제고분로 15길 9주차장,37.50613933,127.0843258
395,서울특별시 송파구 올림픽로34길 5-13지하2층((방이2동 주민센터)),37.5164187,127.111305
396,서울특별시 송파구 오금로51길 56,37.49983345,127.1425919
397,서울특별시 서초구 바우뫼로 41,37.47167106,127.0266688
398,서울특별시 서초구 강남대로12길 44 주차장,37.47064502,127.0412829
399,서울특별시 강동구 고덕로 276 본관B2층 E구역,37.55470672,127.1556131
400,서울특별시 서초구 매헌로 16 본관B2층,37.46246735,127.0369479
401,서울특별시 송파구 올림픽로 25야외주차장,37.51619968,127.0759396
402,서울특별시 송파구 새말로 19길 6주차장,37.48696583,127.1324383
403,서울특별시 서초구 바우뫼로37길 18,37.47967208,127.0396566
404,서울특별시 송파구 천호대로 152길 7주차장,37.53807237,127.1220741
405,서울특별시 서초구 남부순환로 2248지하1층 나1-다1,37.47216184,126.9971159
406,서울특별시 서초구 명달로 20지하1층 체력단련실 문앞,37.47946303,127.0064596
407,"서울특별시 서초구 방배로1길 9 (방배동, 방배신동아럭스빌)지하 1층 입구 옆",37.47547453,127.0007114
408,"서울특별시 서초구 양재대로2길 109 (우면동, 서초참누리에코리치)",37.4561155,127.0137834
409,"서울특별시 서초구 효령로72길 57 (서초동, 서초트라팰리스)",37.48701032,127.0284834
410,서울특별시 강남구 헌릉로590길 88지하2층 휀룸 좌측 2개면,37.46287766,127.1014443
411,"서울특별시 송파구 송파대로 155 (문정동, NH송파농협)",37.48408215,127.1226815
412,"서울특별시 동작구 상도로 369 (상도동, 숭실대학교)(511 (숭실대학교))",37.49642897,126.9551579
413,"서울특별시 송파구 중대로 135 (가락동, 아이티벤처타워)아이티벤처타워관리단",37.49509597,127.122427
414,"서울특별시 강남구 언주로 420 (역삼동, 역삼자이아파트) 101동~103동(711-3 (역삼자이아파트))",37.50096264,127.0441686
415,서울특별시 강남구 언주로 118지하4층 11A,37.48691597,127.0518555
416,"서울특별시 강남구 광평로10길 6 (일원동, 한솔마을아파트)(731 (한솔마을아파트))",37.48262917,127.0765203
417,"서울특별시 송파구 올림픽로35가길 9 (신천동, 잠실푸르지오월드마크)",37.51748462,127.1034448
418,서울특별시 송파구 올림픽로35가길 9잠실 푸르지오 월드마크 지하4층 기둥 14~15(신천동 11-4),37.51748462,127.1034448
419,"서울특별시 강남구 자곡로 204-25 (자곡동, 더시그넘하우스)",37.47322833,127.1037789
420,"서울특별시 강남구 학동로73길 33 (청담동, 청담4차e편한세상)지하1층 G04기둥",37.52085402,127.0469743
421,"서울특별시 송파구 송파대로30길 40 (가락동, 가락전화국)kt가락빌딩",37.49576648,127.1213968
422,"서울특별시 동작구 등용로4길 139 (대방동, KT동작지사)",37.51148904,126.9344227
423,"서울특별시 서초구 효령로 174 (방배동, 서초전화국)",37.48199861,127.0031157
424,"서울특별시 강남구 광평로47길 28 (수서동, KT)",37.48848514,127.0988075
425,"서울특별시 강남구 남부순환로 2653 (도곡동, KT양재지점)",37.48586782,127.0403271
426,"서울특별시 서초구 태봉로 151 (우면동, KT종합기술원)",37.47131164,127.0293584
427,"서울특별시 강동구 양재대로111길 15 (길동, 탑스위트)지하2층 11기둥, 지하3층, 지하4층",37.53698361,127.1385615
428,서울특별시 강남구 압구정로 417,37.52755858,127.0428869
429,서울특별시 서초구 마방로 26,37.47454128,127.0409784
430,서울특별시 강남구 삼성로 511(144-17 골든타워),37.50766418,127.0555778
431,서울특별시 강동구 고덕로 262(타워 더퍼스트),37.55466766,127.1546222
432,서울특별시 서초구 청계산로9길 70지하1층 주차장(SH 플라자 지하1층 주차장),37.45346238,127.0597967
433,서울특별시 서초구 서초대로38길 12(힐스테이트 서리풀),37.49049503,127.0053816
434,서울특별시 송파구 정의로7길 10,37.48553617,127.1139815
435,서울특별시 서초구 사평대로 72(612-85 석용빌딩),37.49785524,126.9923977
436,"서울특별시 강동구 고덕로 276, 지하3층 주차장 F구역(명일동 46-4)",37.55470672,127.1556131
437,서울특별시 강남구 논현동164-7,37.50784677,127.0233681
438,서울특별시 서초구 청계산로 211(660 심플리시티),37.44677028,127.0568635
439,서울특별시 강남구 선릉로121길 12서울지역본부 주차장 뒷편(254 LH서울지역본부),37.51450075,127.0409805
440,서울특별시 강동구 양재대로 156길 123,37.55728071,127.1515076
441,서울특별시 강동구 명일로 229-1,37.53922186,127.1461973
442,서울특별시 강동구 양재대로 138길 37,37.54976156,127.1459828
443,서울특별시 강동구 풍성로37가길 62,37.53243047,127.1295408
444,서울특별시 강동구 강동대로 53길 76,37.52604217,127.1328839
445,서울특별시 강동구 구천면로 633지하1층주차장(상일동 513-2),37.55058303,127.1683006
446,서울특별시 강동구 고덕로 131 지하1층 132동(암사동 414-2 지하1층 132동),37.55516675,127.1438388
447,서울특별시 강동구 성내로45본관 후면 지상주차장(성내동 540),37.52954199,127.1255855
448,서울특별시 동작구 동작대로 89B6(1번코어휀룸) [3대],37.48461403,126.9816657
449,서울특별시 송파구 송이로 123(58 국립경찰병원),37.49641457,127.1234875
450,서울특별시 강남구 강남대로 362(826-20 대륭강남타워),37.49530558,127.029416
451,서울특별시 서초구 논현로 151지하1층 주차장 전기실앞 1기,37.48288405,127.0421034
452,서울특별시 서초구 서초대로 3-4[지하 6층 B6-4 ~ B6-7 기둥 사이 6대],37.48603179,126.9830837
453,서울특별시 강동구 천호옛8길 5(성내동 127-22),37.53350391,127.1237549
454,서울특별시 동작구 노량진로 23가길 23지하2층(101동)(동작구 본동 494),37.51330347,126.9517825
455,서울특별시 송파구 법원로 127지하 4층 09 ~ 12번 기둥 주변 4대,37.48629381,127.1187596
456,서울특별시 서초구 방배중앙로 207-10B4기둥09(방배동 752-36 B4기둥09),37.49806739,126.984587
457,서울특별시 강남구 선릉로130길 19지하 1층 주차장 벽면(2 서광아파트 지하 1층 주차장 벽면),37.51707879,127.0427624
458,서울특별시 동작구 상도로 207지하2층주차장(휀룸옆),37.50557126,126.9418563
459,서울특별시 동작구 상도로 207지하3층주차장(휀룸옆),37.50557126,126.9418563
460,서울특별시 동작구 상도로 207지하4층주차장(휀룸옆),37.50557126,126.9418563
461,서울특별시 송파구 정의로 30지하 1층 주차장 벽면(문정동 649번지 지하 1층 주차장 벽면),37.48279569,127.117993
462,서울특별시 서초구 양재대로11길 36금관 지하 2층 주차장내(정산소 앞)(양재동 217번지 금관 지하 2층 주차장내(정산소 앞)),37.46183379,127.0353741
463,서울특별시 서초구 명달로6길 31지하2층,37.48137515,127.006604
464,서울특별시 서초구 남부순환로 2343-10지하2층(서초구 서초동 1676-37),37.47848067,127.0078003
465,"서울특별시 서초구 남부순환로 2343-10서초동, 서초3차대림이편한세상",37.47848067,127.0078003
466,서울특별시 서초구 명달로4길 30(1467-62 서초5차대림이편한세상),37.47995404,127.0071535
467,서울특별시 서초구 서초중앙로 24길 33지하2층(서초구 서초동 1686-9),37.49575347,127.0170548
468,서울특별시 송파구 성내천로 6지하1층 102동,37.50833724,127.1348282
469,서울특별시 송파구 성내천로 6지하1층 103동,37.50833724,127.1348282
470,서울특별시 송파구 성내천로 6지하1층 105동,37.50833724,127.1348282
471,서울특별시 송파구 중대로 121(79 송파롯데캐슬파인힐),37.49434747,127.1214116
472,서울특별시 서초구 논현로27길 57지하주차장(양재동 90),37.47901371,127.0414979
473,서울특별시 서초구 서초중앙로 188지하1층휀룸앞(서초동 1685-3 지하1층휀룸앞),37.49735041,127.013538
474,서울특별시 강동구 성내로 80지하2층(강동구 성내동 606),37.52717962,127.1279653
475,서울특별시 동작구 사당로27길 130지하 3층 B334 ~ B335기둥 주변(사당동 1157번지 지하 3층 B334 ~ B335기둥 주변),37.48982944,126.9728808
476,서울특별시 동작구 사당로 300B6전기실 [6대],37.48437909,126.9802816
477,서울특별시 서초구 신반포로33길 15,37.50904433,127.0095245
478,서울특별시 강남구 테헤란로 223지하7층 주차장(역상동 677-25),37.50240018,127.0406729
479,서울특별시 동작구 알마타길 6아파트 지하1층 기둥B57(대방동 354-1 아파트 지하1층 기둥B57),37.50985709,126.9249542
480,서울특별시 강남구 테헤란로 305(역삼동)한국산업기술진흥원 지하4층(테헤란로 305번지 한국산업기술진흥원 지하4층),37.50334062,127.0437808
481,서울특별시 동작구 흑석한강로 27DECK3(지하 2층) 23번 기둥 부근(흑석동 336번지),37.50409942,126.9662844
482,"서울특별시 강남구 자곡로3길 45 (자곡동, LH 강남브리즈힐)",37.47222547,127.0906853
483,서울특별시 강남구 논현로 417 (역삼동)(역삼동 746-1),37.49735027,127.0380965
484,서울특별시 강남구 도곡로43길 25 (역삼동),37.49597383,127.046815
485,서울특별시 강남구 개포로38길 12 (개포동),37.47882022,127.0516588
486,"서울특별시 강동구 고덕로80길 134 (상일동, 고덕숲아이파크)105동 1-3라인 B3주차장 A09기둥 맞은편",37.55171846,127.164857
487,"서울특별시 강동구 고덕로80길 134 (상일동, 고덕숲아이파크)108동 B3 주차장 D13 기둥",37.55171846,127.164857
488,"서울특별시 강남구 삼성로85길 11 (대치동, 롯데캐슬아파트)103동 지하2층주차장 창고 옆",37.50459931,127.0561865
489,"서울특별시 강남구 도곡로28길 8 (도곡동, 도곡1차 I PARK)105동 지하2층주차장 104~109기둥 사이",37.49207027,127.0421143
490,서울특별시 강남구 도곡동 967 경남아파트경남아파트 지하3층 안쪽 끝,37.48887314,127.0408037
491,"서울특별시 강남구 남부순환로363길 30 (도곡동, 도곡쌍용예가아파트)104동 지하2층주차장 50기둥 좌우측",37.48761945,127.0381972
492,서울특별시 서초구 서초대로 301 (서초동)동익성봉빌딩,37.49433103,127.0145094
493,"서울특별시 동작구 동작대로45길 22 (동작동, 이수교KCC스위첸아파트)102동 지하2층 전기실앞",37.4975237,126.9813163
494,"서울특별시 동작구 양녕로 170 (상도동, 상도동 롯데캐슬비엔)",37.49700194,126.9436426
495,"서울특별시 서초구 신반포로 270 (반포동, 반포자이아파트)",37.50786022,127.011582
496,"서울특별시 서초구 서초대로1길 30 (방배동, 방배1차현대아파트)",37.48923288,126.9836143
497,"서울특별시 송파구 위례성대로8길 28 (방이동, 방이금호어울림)",37.51273157,127.1183997
498,서울특별시 서초구 서초대로 397 (서초동)부띠크 모나코,37.49743406,127.0245168
499,서울특별시 강남구 봉은사로 419 (삼성동),37.51120727,127.0459769
500,서울특별시 강동구 상일로6길 26지하4층 B12번구역(500 삼성엔지니어링 지하4층 B12번구역),37.54881766,127.1753246
501,"서울특별시 동작구 상도로53길 8 (상도동, 래미안상도3차아파트)",37.50086276,126.9540532
502,서울특별시 강남구 학동로20길 25 (논현동),37.5115038,127.0285345
503,서울특별시 강남구 학동로43길 17 (논현동),37.51728313,127.0372042
504,서울특별시 강남구 테헤란로4길 6지하7층주차장 10기둥 좌우측,37.49766742,127.0292864
505,서울특별시 강남구 테헤란로4길 6지하6층주차장 15기둥 좌우측,37.49766742,127.0292864
506,서울특별시 강남구 테헤란로4길 6지하5층주차장 14기둥 우측,37.49766742,127.0292864
507,서울특별시 강남구 역삼로 307A단지 204동 지하3층 86기둥 좌우측,37.4990489,127.0448764
508,서울특별시 강남구 도산대로101길 29지하2층주차장 104동입구 근처,37.52702406,127.0529783
509,서울특별시 강남구 학동로 338강남파라곤 지하 6층 E/V duv B6 기둥,37.51654027,127.0401622
510,"서울특별시 강남구 남부순환로363길 30지하2층 51기둥좌,우측(902-8 도곡쌍용예가아파트)",37.48761945,127.0381972
511,서울특별시 강남구 학동로97길 51지하1층주차장 C01기둥 좌우측,37.52272728,127.0531651
512,"서울특별시 강남구 선릉로 222지하주차장 B2 기둥37,38",37.49586698,127.0547491
513,서울특별시 강동구 고덕로 133지하3층 관리사무실 앞,37.55525285,127.1403472
514,서울특별시 강동구 아리수로93길 40(674 강일리버파크3단지아파트),37.56551714,127.1751066
515,서울특별시 서초구 방배로9길 23예술동 지하3층주차장,37.48037139,126.996897
516,서울특별시 서초구 잠원로14길 3지하2층주차장 램프 옆 2L기둥,37.52039006,127.0159762
517,서울특별시 서초구 명달로 45상문고등학교_지상 1층 전기실 옆,37.47975543,127.0039168
518,서울특별시 송파구 새말로 62B2 기둥 A32,37.48083429,127.1212768
519,서울특별시 송파구 새말로 62B3 기둥A21,37.48083429,127.1212768
520,서울특별시 송파구 새말로 62B4 기둥A20,37.48083429,127.1212768
521,서울특별시 송파구 마천로35길 18통합주차장 B1,37.50046252,127.1460721
522,서울특별시 송파구 위례광장로 120지하2층주차장 11 기둥 우측,37.47501456,127.1416298
523,서울특별시 송파구 위례광장로 120지하2층주차장 30 기둥 우측,37.47501456,127.1416298
524,서울특별시 송파구 위례광장로 290지하2층주차장 16 기둥 우측,37.47497728,127.1428088
525,서울특별시 송파구 위례광장로 290지하2층주차장 33 기둥 좌측,37.47497728,127.1428088
526,"서울특별시 송파구 한가람로 478 (풍납동, 씨티극동아파트)103동 5,6라인 지하주차장 계단 옆",37.53973508,127.1179048
527,서울특별시 서초구 신반포로15길 6반포2동공영주차장 지하1층 A11기둥(반포동 5-1 반포2동공영주차장 지하1층 A11기둥),37.50429038,126.9953408
528,서울특별시 송파구 올림픽로 지하 265잠실역 공영주차장 지하2층 32기둥(8 잠실역2호선 잠실역 공영주차장 지하2층 32기둥),37.51385928,127.1018579
529,서울특별시 강동구 천호대로 지하 997천호역공영주차장 지하1층 D36기둥(455 천호역 천호역공영주차장 지하1층 D36기둥),37.53857898,127.1237424
530,서울특별시 강남구 남부순환로 지하 3104학여울역 공영주차장 지하3층 6기둥(514-3 학여울역 학여울역 공영주차장 지하3층 6기둥),37.49671719,127.071719
531,서울특별시 강남구 남부순환로 3142-33테니스장 옆,37.49727267,127.0764397
532,"서울특별시 서초구 서초대로65길 13-10 (서초동, 서초래미안아파트)",37.49742848,127.0191506
533,서울특별시 서초구 헌릉로8길 22지하3층 304동~305동사이 휀룸5옆 24기둥,37.45526904,127.0591797
534,서울특별시 서초구 헌릉로8길 22지하3층 306동~307동사이 휀룸7옆 52기둥,37.45526904,127.0591797
535,"서울특별시 서초구 서운로 201 (서초동, 서초푸르지오써밋)A블럭",37.50132463,127.0201266
536,"서울특별시 서초구 서운로 201 (서초동, 서초푸르지오써밋)B블럭",37.50132463,127.0201266
537,"서울특별시 서초구 서운로 201 (서초동, 서초푸르지오써밋)C블럭",37.50132463,127.0201266
538,서울특별시 강남구 밤고개로 286 (율현동),37.46904926,127.1069125
539,"서울특별시 강남구 헌릉로590길 10 (세곡동, 신동아파밀리에)",37.46450499,127.1026803
540,"서울특별시 송파구 한가람로 468 (풍납동, 신성노바빌아파트)지하1층주차장 분뇨정화조 옆",37.5383136,127.1168793
541,"서울특별시 송파구 송파대로8길 58 (장지동, 송파파인타운11단지)1106동 B1 07기둥",37.48023216,127.1337902
542,"서울특별시 송파구 송파대로8길 58 (장지동, 송파파인타운11단지)1102동 B1 2번휀룸옆",37.48023216,127.1337902
543,"서울특별시 송파구 송파대로8길 42 (장지동, 송파파인타운12단지)",37.4787578,127.1321394
544,"서울특별시 강남구 언주로30길 21 (도곡동, 아카데미스위트)",37.48886577,127.0520146
545,"서울특별시 서초구 잠원로 117 (잠원동, 아크로리버뷰신반포)지하2층 B01기둥",37.51451892,127.0069957
546,"서울특별시 서초구 잠원로 117 (잠원동, 아크로리버뷰신반포)지하2 H21기둥",37.51451892,127.0069957
547,"서울특별시 서초구 잠원로 117 (잠원동, 아크로리버뷰신반포)지하2 F58기둥",37.51451892,127.0069957
548,"서울특별시 강남구 압구정로48길 15 (신사동, 압구정대원칸타빌아파트)",37.52752896,127.037245
549,서울특별시 강남구 역삼로7길 16 (역삼동),37.49537321,127.0332838
550,"서울특별시 강남구 언주로85길 13 (역삼동, 경남아파트)본동 10호 B3주차장",37.50056739,127.0423818
551,서울특별시 강남구 양재대로55길 14 (일원동),37.49185469,127.0880264
552,"서울특별시 강남구 광평로19길 15 (일원동, 목련타운아파트)",37.48553054,127.0847979
553,서울특별시 동작구 흑석로 84 (흑석동)중앙대학교102관,37.50472672,126.9538339
554,서울특별시 동작구 흑석로 84 (흑석동)중앙대학교303관,37.50472672,126.9538339
555,서울특별시 동작구 흑석로 84 (흑석동)중앙대학교305관,37.50472672,126.9538339
556,서울특별시 동작구 흑석로 84 (흑석동)중앙대학교309관,37.50472672,126.9538339
557,서울특별시 동작구 흑석로 84 (흑석동)중앙대학교310관,37.50472672,126.9538339
558,서울특별시 강남구 압구정로79길 26 (청담동),37.52509211,127.0492911
559,서울특별시 강남구 강남대로 298 (역삼동)지하8층 E기둥,37.49005271,127.0321636
560,"서울특별시 송파구 풍성로 14 (풍납동, 미성맨션)풍납미성아파트",37.53448022,127.114098
561,서울특별시 강동구 천호대로 1221SK길동스테이션(라이프스타일 스테이션),37.53604958,127.1463728
562,서울특별시 강동구 성안로 155,37.53723615,127.1347595
563,서울특별시 송파구 올림픽로 269롯데쇼핑㈜(신천동 7-18),37.51442735,127.1006114
564,"서울특별시 서초구 남부순환로 2584반포복개도로공영주차장(서초구청, 서초구의회)",37.48362486,127.032683
565,서울특별시 강남구 밤고개로21길 71밤고개로21길 공영주차장(율현동 71-1),37.47424061,127.1141448
566,서울특별시 동작구 여의대방로16길 61,37.49409069,126.9170317
567,서울특별시 송파구 동남로 342,37.50499392,127.1396078
568,서울특별시 송파구 오금로 62 수협중앙회,37.51638179,127.1054789
569,서울특별시 강남구 논현로 430,37.49900119,127.0383554
570,서울특별시 강남구 논현로18길 9아우디 개포서비스센터,37.47799389,127.0455621
571,서울특별시 강남구 영동대로 318아우디 대치전시장,37.50301926,127.0669897
572,서울특별시 강남구 도곡로 121아우디빌딩,37.49039101,127.0335468
573,서울특별시 강남구 도산대로 306아우디_도산대로 전시장,37.52144386,127.0348706
574,서울특별시 서초구 반포대로12길 3아우디_서초 전시장,37.48486907,127.0114606
575,서울특별시 송파구 충민로2길 8아우디_송파대로 전시장,37.47900467,127.1266378
576,서울특별시 강남구 테헤란로 201아주빌딩(역삼동 679-5),37.50131148,127.037178
577,서울특별시 송파구 위례서이로 25위례지구 13단지(위례포레샤인 13단지 위례지구 13단지),37.48290315,127.1376737
578,서울특별시 송파구 위례송파로 89위례포레샤인 15단지(위례포레샤인 15단지 위례포레샤인 15단지),37.48625357,127.1445927
579,서울특별시 송파구 위례송파로 123위례포레샤인 17단지(위례포레샤인 17단지 위례포레샤인 17단지),37.48457193,127.1478002
580,서울특별시 송파구 위례서이로 25위례지구 18단지(위례포레샤인 13단지),37.48290315,127.1376737
581,서울특별시 강남구 도곡로 225이스타빌,37.49353418,127.0432374
582,서울특별시 서초구 서초동 1688-1크로바타워,37.49565024,127.0192298
583,서울특별시 서초구 매헌로 16지하2층 주차장,37.46246735,127.0369479
584,서울특별시 서초구 남부순환로 2391포르쉐 HPC 에스-오일 예술의전당앞주유소(야외주차장)(1464-17 전당앞주유소 포르쉐 HPC 에스-오일 예술의전당앞주유소(야외주차장)),37.48055264,127.0119784
585,서울특별시 강남구 영동대로 401포르쉐 SSCL 대치(949-11 포르쉐타워),37.50525412,127.0645439
586,서울특별시 강남구 역삼로 523포르쉐 SSCL 대치서비스(대치 서비스센터),37.50393779,127.0603856
587,서울특별시 서초구 남부순환로 2215포르쉐 SSCL 서초(489-2 서초타워),37.47395827,126.9944786
588,서울특별시 강남구 도산대로 420포르쉐 SSCL 청담(3 청담스퀘어),37.52305467,127.0420831
589,서울특별시 강남구 봉은사로114길 30,37.5131779,127.065386
590,서울특별시 강동구 풍성로 144,37.53097752,127.1279617
591,서울특별시 강남구 언주로 703한국국토정보공사 서울지역본부(논현동 90-2),37.51604262,127.0348811
592,서울특별시 서초구 서초대로 139,37.48906162,126.9973642
593,서울특별시 강남구 압구정로71길 28효성빌라청담101(실내)(효성빌라 청담101),37.52826296,127.0462818
594,서울특별시 서초구 서초대로25길 20-4,37.488845,126.994145
595,서울특별시 서초구 동광로28길 2B HOUSE,37.49384231,126.9953202
596,서울특별시 강남구 자곡로3길 21(619 엘에이치강남힐스테이트),37.47176961,127.088116
597,서울특별시 강남구 광평로34길 35강남더샵포레스트아파트,37.48210889,127.0948372
598,서울특별시 강동구 올림픽로89길 55(570 강변그대가갤럭시),37.54695219,127.1225742
599,서울특별시 강남구 개포로110길 15(615 일원동우성7차아파트),37.49324377,127.0791148
600,서울특별시 강동구 고덕로 333.(693 고덕그라시움),37.55618058,127.1593233
601,서울특별시 동작구 알마타길 58대방2차현대아파트,37.51081665,126.9311465
602,서울특별시 강남구 강남대로84길 33대우디오빌플러스,37.49754613,127.0310934
603,서울특별시 강남구 영동대로72길 10(1007-1 대치동3차풍림아이원아파트),37.50465722,127.0667896
604,서울특별시 서초구 명달로 91(1494-4 더미켈란아파트),37.48543973,127.0034738
605,서울특별시 강남구 도곡로14길 21(970 도곡3차아이파크),37.49004898,127.0377537
606,서울특별시 강남구 논현로 209경남아파트,37.48914412,127.0411984
607,서울특별시 강남구 삼성로51길 37래미안대치팰리스1단지아파트(대치 팰리스 래미안대치팰리스1단지아파트),37.49343619,127.0576977
608,서울특별시 강남구 삼성로51길 37.(대치 팰리스),37.49343619,127.0576977
609,서울특별시 서초구 반포대로21길 74(1520-9 삼성래미안서초6차),37.48592469,127.0068434
610,서울특별시 서초구 서운로 221(1301-6 래미안서초스위트아파트),37.50209719,127.019869
611,서울특별시 서초구 남부순환로 2311-12(1008-2 래미안방배아트힐),37.47693254,127.0046568
612,서울특별시 강남구 학동로 432(17 삼성동롯데아파트),37.5181856,127.048563
613,서울특별시 서초구 서초중앙로 110서초동롯데캐슬메디치,37.49159043,127.0145226
614,서울특별시 강남구 테헤란로63길 9(삼성동 141-8),37.50575454,127.050042
615,서울특별시 서초구 서운로 197,37.49948267,127.0208201
616,서울특별시 서초구 반포대로 310-6(162 반포센트럴자이),37.50646034,127.0021941
617,서울특별시 서초구 신반포로15길 4반포푸르지오아파트,37.50414349,126.9974539
618,서울특별시 서초구 신반포로16길 15-20반포힐스테이트,37.50162244,126.9963386
619,서울특별시 서초구 서초대로1길 34방배2차현대홈타운,37.49063982,126.983719
620,서울특별시 서초구 동광로 89-5(797-30 방배3차이편한세상),37.49438697,126.9919899
621,서울특별시 서초구 방배선행길 2방배래미안아파트,37.47236634,126.9848553
622,서울특별시 서초구 남부순환로 2183(485-3 방배래미안타워),37.47511676,126.9910912
623,서울특별시 서초구 방배로33길 29(816-1 방배한신트리플),37.49124224,126.9892705
624,서울특별시 동작구 보라매로 70(720 보라매e편한세상아파트),37.49577317,126.9289798
625,서울특별시 동작구 보라매로5길 5보라매우성아파트,37.49238847,126.925359
626,서울특별시 동작구 여의대방로24다길 40,37.49851534,126.9228776
627,서울특별시 강남구 봉은사로 510,37.51304644,127.0549702
628,서울특별시 강남구 학동로68길 29(16-2 삼성동힐스테이트1단지아파트),37.51656029,127.0471878
629,서울특별시 강동구 강동대로 143삼성파크타워,37.52662145,127.1232213
630,서울특별시 동작구 장승배기로4길 9(상도 더샵아파트),37.5014493,126.9438142
631,서울특별시 서초구 명달로6길 31(1487-63 서초1차이편한세상),37.48137515,127.006604
632,서울특별시 서초구 서초중앙로24길 57(1681-8 서초롯데캐슬프레지던트),37.49697279,127.0194178
633,서울특별시 서초구 효령로68길 81(1444-7 서초자이아파트),37.48518641,127.0206731
634,서울특별시 서초구 사임당로19길 10(1648-2 서초현대아파트),37.49102123,127.0202745
635,서울특별시 강동구 풍성로37길 55성내2차 e-편한세상,37.53441947,127.1264212
636,서울특별시 강동구 올림픽로 572코오롱 2차아파트,37.53255275,127.1218186
637,서울특별시 송파구 성내천로 103(송파 두산위브),37.50054311,127.1408419
638,서울특별시 송파구 충민로 151송파파인타운2단지,37.48351714,127.1313064
639,서울특별시 동작구 신대방길 85,37.49005342,126.9083379
640,서울특별시 강남구 헌릉로590길 10신동아파밀리에아파트,37.46450499,127.1026803
641,서울특별시 송파구 한가람로 468,37.5383136,127.1168793
642,서울특별시 강동구 고덕로 52-11동원베네스트,37.55407647,127.1311343
643,서울특별시 송파구 성내천로 87,37.50127198,127.1397432
644,서울특별시 송파구 백제고분로 188(336-5 잠실포스코더샵),37.50417052,127.0873249
645,서울특별시 동작구 사당로2길 40장은해그린 아파트,37.49191768,126.9634132
646,서울특별시 강동구 천호옛길 30성내동 파라디아 아파트,37.53186298,127.1227407
647,서울특별시 강동구 양재대로81길 90한솔브리즈아파트,37.52492212,127.1299824
648,서울특별시 강동구 선사로 120(더 리버),37.55022939,127.1238689
649,서울특별시 강동구 풍성로54길 7(한솔애리즈 2차아파트),37.52895562,127.1341823
650,서울특별시 강남구 광평로51길 22(712 한아름아파트),37.49021723,127.1039572
651,서울특별시 서초구 서초대로 156황실자이,37.48891415,126.9990094
652,서울특별시 동작구 서달로 91,37.50316562,126.958891
653,서울특별시 강남구 개포로 264(656-4 개포래미안포레스트),37.47975035,127.0522282
654,서울특별시 강남구 개포로 264A블럭 P1주차장 105동 B4F 36기둥 뒤(래미안 포레스트),37.47975035,127.0522282
655,서울특별시 강남구 개포로 264A블럭 P1주차장 105동 B4F 36기둥 뒤(656 개포래미안포레스트),37.47975035,127.0522282
656,서울특별시 강남구 개포로 264A블럭P1주차장 108동 B4F 95기둥(래미안 포레스트),37.47975035,127.0522282
657,서울특별시 강남구 개포로 264A블럭P1주차장 108동 B4F 95기둥(656 개포래미안포레스트),37.47975035,127.0522282
658,서울특별시 서초구 신반포로 270(20-43 반포자이아파트),37.50786022,127.011582
659,"서울특별시 서초구 서초대로 397지하5층D, 지하2층(부띠크 모나코)",37.49743406,127.0245168
660,"서울특별시 강남구 논현로163길 33지하6층 주차장 B13, B12",37.52389535,127.0255798
661,"서울특별시 서초구 서초대로 397(서초동, 부띠크모나코)지하5층D, 지하2층",37.49743406,127.0245168
662,서울특별시 강남구 남부순환로381길 15지하2층주차장,37.48793632,127.0476656
663,서울특별시 강동구 고덕로 201야외주차장,37.55620788,127.1485452
664,서울특별시 강남구 도산대로 207실외주차장,37.52042766,127.0290784
665,서울특별시 강남구 언주로 506구내주차장,37.50341755,127.0428584
666,"서울특별시 강남구 언주로 118(도곡동, 우성캐릭터199)(467-24 우성캐릭터199)",37.48691597,127.0518555
667,서울특별시 강남구 영동대로72길 10지하1층 주차장,37.50465722,127.0667896
668,"서울특별시 강남구 테헤란로13길 31-7(역삼동, 프리우스역삼아파트 2차)(프리우스역삼아파트 2차)",37.50133256,127.0312852
669,서울특별시 서초구 방배로 131건물정면 앞 고객주차장(935-34 외환은행방배사옥),37.48561697,126.9943924
670,서울특별시 송파구 송파대로32길 15가락금호아파트(가락동 95-1),37.49658241,127.1157571
671,서울특별시 강남구 광평로34길 55(795 강남데시앙포레),37.48084908,127.0923667
672,서울특별시 강동구 아리수로97길 19,37.56699524,127.1767913
673,서울특별시 강동구 아리수로94길 72,37.5607223,127.1762696
674,서울특별시 강동구 고덕로 427(717 고덕리엔파크2단지아파트),37.55879729,127.1731822
675,서울특별시 서초구 논현로17길 19(279 덕산빌딩),37.47584959,127.0448271
676,서울특별시 강남구 선릉로 221,37.49420684,127.0497348
677,서울특별시 강남구 언주로130길 30(245 동양파라곤),37.51508569,127.0382684
678,서울특별시 동작구 사당로23바길 9,37.48960968,126.9691902
679,서울특별시 강남구 도곡로43길 21,37.49572777,127.0470116
680,서울특별시 서초구 서운로 104,37.4934156,127.0264914
681,서울특별시 송파구 동남로 225,37.49800473,127.1308682
682,서울특별시 서초구 서운로6길 15-13(1359-50 롯데캐슬주피터),37.48628885,127.0300571
683,서울특별시 서초구 서초중앙로 220(반포 래미안아이파크),37.50151093,127.0124717
684,서울특별시 서초구 고무래로 89,37.5009526,127.0185009
685,서울특별시 서초구 효령로33길 50방배서리풀이편한세상(방배동 906-13),37.4837109,126.9975645
686,"서울특별시 동작구 매봉로 123제1주차장 지하1,2층, 제2주차장 지하2층",37.51014312,126.9498666
687,서울특별시 송파구 백제고분로 405,37.50746658,127.1096861
688,서울특별시 동작구 사당로2가길 102,37.48837303,126.9634174
689,서울특별시 강남구 광평로 295,37.4885591,127.1044707
690,서울특별시 강남구 도산대로96길 39,37.52300426,127.0504632
691,서울특별시 동작구 상도로 320,37.49980716,126.9499021
692,서울특별시 동작구 상도로 346-1,37.49678998,126.9516675
693,서울특별시 서초구 서초중앙로 69,37.48783767,127.0143135
694,서울특별시 서초구 서초대로74길 30(1326-17 우성아파트),37.49509032,127.0268041
695,서울특별시 서초구 헌릉로8길 45(내곡동)지하2층 전기실 앞,37.45468985,127.0625466
696,서울특별시 서초구 청계산로7길 43,37.45114197,127.0576835
697,서울특별시 강남구 선릉로 801,37.5235717,127.0388327
698,서울특별시 강남구 자곡로 21(533 세곡푸르지오),37.46734665,127.0932645
699,서울특별시 강남구 역삼로 240(771-4 세방하이빌1),37.49735091,127.0428039
700,서울특별시 송파구 송파대로8길 10,37.47689671,127.1291786
701,서울특별시 송파구 충민로 152,37.48344222,127.131834
702,서울특별시 서초구 신반포로15길 19,37.506252,126.9926731
703,서울특별시 서초구 서초중앙로 188,37.49735041,127.013538
704,서울특별시 강남구 언주로 201(168 에스케이리더스뷰),37.48842728,127.048778
705,서울특별시 송파구 양재대로72길 15현대백조아파트(오금동 11),37.50935275,127.1292753
706,서울특별시 강남구 영동대로141길 24(55-18 원테라스),37.5228931,127.0528791
707,서울특별시 송파구 위례광장로 185,37.48048057,127.139929
708,서울특별시 강동구 천중로 253(477 이편한세상강동에코포레),37.54090932,127.1479462
709,서울특별시 강남구 남부순환로 3165(27-1 코원에너지서비스),37.49937347,127.0744447
710,서울특별시 강남구 언주로30길 56,37.48806952,127.0534832
711,서울특별시 송파구 올림픽로 435,37.5213593,127.1049717
712,서울특별시 송파구 풍성로 52지하주차장,37.53348141,127.1180979
713,서울특별시 강남구 봉은사로105길 12-7,37.5160236,127.0624489
714,서울특별시 강남구 역삼로 111(한국정보통신진흥협회 빌딩),37.49364507,127.031325
715,서울특별시 강남구 언주로108길 26(역삼동 687-16),37.50858436,127.041347
716,서울특별시 서초구 서초중앙로 15(서초동)A동지하주차장,37.48301089,127.0156416
717,서울특별시 서초구 서초중앙로 15(서초동)B동 지하3층 B 26,37.48301089,127.0156416
718,서울특별시 서초구 서초중앙로 15(서초동)C동 지하3층 ,37.48301089,127.0156416
719,서울특별시 서초구 서초중앙로 15(서초동)D동 지하3층,37.48301089,127.0156416
720,서울특별시 서초구 서초중앙로 15(서초동)휀실옆,37.48301089,127.0156416
721,서울특별시 송파구 송파대로32길 33(95 가락동부센트레빌),37.49833736,127.1164272
722,서울특별시 서초구 바우뫼로7길 111주차장,37.47375033,127.0222823
723,서울특별시 강남구 학동로 165(58-2 마일스디오빌),37.51386117,127.0289785
724,서울특별시 송파구 송파대로28길 43(77-4 송파KCC웰츠타워),37.4957322,127.1221296
725,서울특별시 서초구 사평대로12길 22,37.49719969,126.9927459
726,서울특별시 강남구 테헤란로 131(647-9 한국지식재산센터),37.50008187,127.032938
727,서울특별시 서초구 반포대로20길 29TDI 타워,37.4881617,127.0115816
728,서울특별시 강남구 선릉로 222(888 대치아이파크아파트),37.49586698,127.0547491
729,서울특별시 서초구 반포대로 275래미안퍼스티지 115동(지하3층 362기둥),37.50239027,126.9959653
730,서울특별시 서초구 반포대로 275래미안퍼스티지 117동 (지하3층 528기둥),37.50239027,126.9959653
731,서울특별시 서초구 반포대로 275래미안퍼스티지 119동 (지하3층 기계실앞),37.50239027,126.9959653
732,서울특별시 서초구 반포대로 275래미안퍼스티지 121동(지하3층 645기둥),37.50239027,126.9959653
733,서울특별시 송파구 문정로5길 13(15 문정동아아파트),37.48765531,127.1285013
734,서울특별시 송파구 양재대로 925가락1동 주민센터(가락1동 주민센터),37.49650407,127.1098544
735,서울특별시 강남구 테헤란로 152강남파이낸스센터(737 강남파이낸스센터),37.50002424,127.0365086
736,서울특별시 송파구 양산로4길 16거여5단지 아파트(294 거여5단지아파트),37.48920968,127.1449643
737,서울특별시 강동구 고덕로80길 134고덕숲아이파크 1단지(515 고덕숲아이파크),37.55171846,127.164857
738,서울특별시 강동구 고덕로80길 134고덕숲아이파크 3단지(515 고덕숲아이파크),37.55171846,127.164857
739,서울특별시 서초구 남부순환로 2351국제방송교류제단(1467-80 국제방송교류재단),37.47912677,127.0080473
740,"서울특별시 강남구 언주로30길 13대림아크로빌(대림아크로빌, 대림아크로텔)",37.48814221,127.0506743
741,서울특별시 송파구 올림픽로35길 93더샵스타리버(11-8 더샵스타리버),37.51773252,127.1044332
742,서울특별시 동작구 여의대방로22길 77동작 우체국(361-2 서울동작우체국),37.49791931,126.9245212
743,서울특별시 동작구 사당로 179드림ez오피스텔(219-11 드림ez오피스텔),37.48627084,126.9689284
744,서울특별시 송파구 잠실로 88레이크팰리스(44 레이크팰리스),37.50753416,127.0932143
745,서울특별시 동작구 양녕로 170롯데캐슬비엔(상도동 롯데캐슬비엔),37.49700194,126.9436426
746,서울특별시 송파구 올림픽로 135리센츠 (201동~236동)(22 리센츠),37.51673328,127.0898891
747,서울특별시 송파구 올림픽로 135리센츠 (237동~265동)(22 리센츠),37.51673328,127.0898891
748,서울특별시 송파구 성내천로21길 20-22서울 송파구 성내천로21길 20-22(라움 맨션),37.5015561,127.143325
749,서울특별시 동작구 남부순환로263길 30몬트하임 (저압수용가)(419-89 몬트하임),37.47870307,126.9766851
750,서울특별시 송파구 법원로 128문정SKV1GL시메트로시티(642-3 문정에스케이브이원지엘메트로시티),37.48684563,127.12049
751,서울특별시 서초구 동광로39길 30-9서울 서초구 동광로39길 30-9(반포동 78-10),37.4963044,126.999938
752,서울특별시 서초구 주흥17길 25반포훼밀리아파트(702-1 반포훼밀리아파트),37.50880524,127.0171492
753,서울특별시 송파구 오금로31길 28방이코오롱아파트(215 코오롱아파트),37.50888548,127.1242503
754,서울특별시 서초구 주흥길 51보명힐스테이트 (저압수용가)(716-21 보명힐스테이트),37.507433,127.0195489
755,서울특별시 강남구 압구정로79길 76빌폴라리스(129-7 빌폴라리스),37.52548525,127.053763
756,서울특별시 강남구 영동대로114길 72삼성동 아펠바움(삼성동 아펠바움),37.51805218,127.0650105
757,서울특별시 강남구 삼성로111길 8삼성동 힐스테이트 2단지 아파트(50 삼성동힐스테이트2단지아파트),37.51473151,127.0517391
758,서울특별시 강남구 역삼로18길 10삼호스페이스(역삼동 789-26),37.49424872,127.0361537
759,서울특별시 강남구 논현로26길 23서울 강남구 논현로26길 23 (저압수용가)(도곡동 424-11),37.48285691,127.0443679
760,서울특별시 강남구 도산대로15길 47서울 강남구 도산대로15길 47 (저압수용가)(신사동 545-3),37.52126058,127.0232019
761,서울특별시 동작구 사당로27길 8서울 동작구 사당로27길 8 (저압수용가)(구광 해뜰안),37.48470041,126.9788109
762,서울특별시 동작구 사당로9길 11-5서울 동작구 사당로9길 11-5 (저압수용가)(220-75 중앙빌라),37.48622131,126.9707743
763,서울특별시 서초구 방배중앙로27길 16서울 서초구 방배중앙로27길 16 (저압수용가)(762-13 하라빌딩),37.49529449,126.9848981
764,서울특별시 서초구 사평대로20길 95서울 서초구 사평대로20길 95 (저압수용가)(반포동 100-9),37.49519593,126.9965006
765,서울특별시 서초구 서초대로32길 30-6서울 서초구 서초대로32길 30-6 (저압수용가)(방배동 891-3),37.48752487,126.9973837
766,서울특별시 서초구 서초대로51길 15서울 서초구 서초대로51길 15 (저압수용가)(1694-6 신우빌딩),37.49528083,127.0140677
767,서울특별시 서초구 신반포로47길 81서울 서초구 신반포로47길 81 (저압수용가)(26-11 대성빌딩),37.51405556,127.01842
768,서울특별시 송파구 가락로 267서울 송파구 가락로 267(방이동 159-5),37.51190146,127.1190437
769,서울특별시 송파구 가락로21길 4-21서울 송파구 가락로21길 4-21 (저압수용가)(송파동 94-15),37.50361371,127.1112262
770,서울특별시 송파구 백제고분로32길 15-20서울 송파구 백제고분로32길 15-20 (저압수용가)(176-16 세기빌딩),37.50068461,127.0960512
771,서울특별시 송파구 올림픽로43길 88(388-1 서울아산병원),37.52515748,127.109524
772,서울특별시 강남구 테헤란로25길 50서울특별시 강남구 테헤란로25길50 (저압수용가)(역삼동 628-4),37.50383097,127.0347731
773,서울특별시 서초구 방배천로8길 34-7서울특별시 서초구 방배천로8길 34-7(방배동 464-15),37.48014229,126.9846346
774,서울특별시 서초구 사임당로17길 116지하주차장(1641-1 서초삼성래미안아파트),37.49360469,127.0202713
775,서울특별시 서초구 서초대로 340서초삼환바우하우스(1677-11 삼환바우스),37.49490507,127.0188959
776,서울특별시 강동구 천호대로176길 11성내동 빌라(성내동 378-15),37.53379633,127.1365435
777,서울특별시 송파구 성내천로 103송파 두산위브(송파 두산위브),37.50054311,127.1408419
778,서울특별시 송파구 양산로 5송파구 보건지소(송파구 보건지소),37.48977029,127.142671
779,서울특별시 송파구 올림픽로 326송파구청 지하주차장(29-5 송파구청),37.51447718,127.10586
780,서울특별시 강남구 삼성로 561스타럭스빌딩(120-2 스타럭스빌딩),37.51154304,127.0537534
781,서울특별시 서초구 잠원로 60신반포자이아파트(160 신반포자이),37.51017745,127.00806
782,서울특별시 강남구 압구정로 152신사동 극동타워(575 극동타워),37.52556489,127.0260489
783,서울특별시 서초구 강남대로 224양재한신휴플러스(12-10 양재한신휴플러스),37.48401773,127.0351175
784,서울특별시 송파구 양재대로72길 15오금현대백조(11 현대백조아파트),37.50935275,127.1292753
785,서울특별시 송파구 양재대로 1232오륜동 주민센터(89-10 오륜동주민센터),37.51555725,127.134274
786,서울특별시 송파구 위례광장로 230위례 2차 아이파크 지하주차장(884 위례2차아이파크),37.47861711,127.1437588
787,서울특별시 송파구 위례송파로5길 5위례 A1-12BL(더 테라스),37.48579283,127.1425669
788,서울특별시 송파구 올림픽로35길 16잠실4동 주민센터(20-5 잠실4동주민센터),37.52016248,127.1122332
789,서울특별시 송파구 백제고분로32길 30-4진민하우스(167-11 진민하우스),37.49988132,127.0945388
790,서울특별시 강동구 구천면로41길 79천호중앙하이츠아파트(305 중앙하이츠),37.54740659,127.1299635
791,서울특별시 강남구 영동대로142길 16청담래미안로이뷰(134 청담래미안로이뷰),37.52475781,127.056212
792,서울특별시 강남구 역삼로3길 18태극아트빌(830-36 태극아트빌),37.49474714,127.0314908
793,서울특별시 서초구 바우뫼로39길 88-7태양파크빌 (저압수용가)(태양파크빌 아파트),37.48361041,127.0393086
794,서울특별시 서초구 강남대로 563페이토디앤아이(37-1 페이토),37.51194616,127.0204315
795,서울특별시 송파구 올림픽로35가길 11한신코아(11-9 한신잠실코아),37.5163298,127.1040605
796,서울특별시 강남구 테헤란로 217,37.50210971,127.0398444
797,서울특별시 서초구 양재대로2길 33(788 엘에이치서초4단지),37.45820933,127.0240958
798,서울특별시 동작구 노량진로32길 156(484 경동윈츠리버아파트),37.50939598,126.9544859
799,서울특별시 서초구 방배로28길 90(847-34 방배대우유로카운티),37.49104509,126.9969655
800,서울특별시 서초구 형촌길 35(707 서초네이처힐1단지),37.46410908,127.019107
801,"서울특별시 강동구 올림픽로81길 15천호동, 천호 e-편한세상",37.54414353,127.1244508
802,"서울특별시 강남구 언주로30길 57도곡동, 타워팰리스",37.48947513,127.0540058
803,서울특별시 강남구 영동대로112길 15(106 풍림아파트),37.51552482,127.0617288
804,서울특별시 강남구 테헤란로29길 5,37.50196773,127.0387245
805,서울특별시 동작구 보라매로5길 20보라매병원_행복관 지상2층(425 서울특별시보라매병원 보라매병원_행복관 지상2층),37.49301375,126.9243325
806,서울특별시 동작구 장승배기로 161(47-2 동작구청),37.51252777,126.9399421
807,서울특별시 송파구 송파대로37길 77(가락동 910),37.49888418,127.1043834
808,서울특별시 서초구 헌인릉1길 21대림원예가든센터(내곡동 1-1591),37.46268666,127.0834535
