주소,y,x,수,코드
서울특별시 종로구 청운동,37.58919744,126.9693298,42,11110101
서울특별시 종로구 신교동,37.58449028,126.9679233,16,11110102
서울특별시 종로구 궁정동,37.58468259,126.9731448,6,11110103
서울특별시 종로구 효자동,37.58264967,126.9719319,9,11110104
서울특별시 종로구 창성동,37.58054507,126.9724625,8,11110105
서울특별시 종로구 통의동,37.57805842,126.9728528,7,11110106
서울특별시 종로구 적선동,37.57527996,126.973773,6,11110107
서울특별시 종로구 통인동,37.58014448,126.970212,8,11110108
서울특별시 종로구 누상동,37.58002688,126.9622647,33,11110109
서울특별시 종로구 누하동,37.57928263,126.9682742,6,11110110
서울특별시 종로구 옥인동,37.58352309,126.963386,27,11110111
서울특별시 종로구 체부동,37.57758943,126.9708696,10,11110112
서울특별시 종로구 필운동,37.57780125,126.9677495,12,11110113
서울특별시 종로구 내자동,37.57530471,126.9717173,62,11110114
서울특별시 종로구 사직동,37.57618697,126.9688461,61,11110115
서울특별시 종로구 도렴동,37.57316101,126.9746477,5,11110116
서울특별시 종로구 당주동,37.57157152,126.9740007,9,11110117
서울특별시 종로구 내수동,37.57330817,126.9719625,69,11110118
서울특별시 종로구 세종로,37.58019281,126.9767782,33,11110119
서울특별시 종로구 신문로1가,37.57017315,126.9739016,55,11110120
서울특별시 종로구 신문로2가,37.57066229,126.9697222,20,11110121
서울특별시 종로구 청진동,37.57143936,126.9801542,9,11110122
서울특별시 종로구 서린동,37.56951127,126.9803992,13,11110123
서울특별시 종로구 수송동,37.57367751,126.9806109,55,11110124
서울특별시 종로구 중학동,37.57528472,126.9796415,2,11110125
서울특별시 종로구 종로1가,37.57025726,126.98015,7,11110126
서울특별시 종로구 공평동,37.57126684,126.9831472,9,11110127
서울특별시 종로구 관훈동,37.57412861,126.9846906,5,11110128
서울특별시 종로구 견지동,37.57319135,126.9830607,12,11110129
서울특별시 종로구 와룡동,37.58234274,126.9912146,4,11110130
서울특별시 종로구 권농동,37.57432393,126.9917634,4,11110131
서울특별시 종로구 운니동,37.57637429,126.9882221,5,11110132
서울특별시 종로구 익선동,37.57433458,126.9896941,8,11110133
서울특별시 종로구 경운동,37.57518839,126.9863839,3,11110134
서울특별시 종로구 관철동,37.56910482,126.9859866,13,11110135
서울특별시 종로구 인사동,37.5717033,126.9860495,4,11110136
서울특별시 종로구 낙원동,37.57255772,126.9886076,11,11110137
서울특별시 종로구 종로2가,37.57088904,126.9882502,2,11110138
서울특별시 종로구 팔판동,37.58281,126.9806765,4,11110139
서울특별시 종로구 삼청동,37.58499778,126.9817583,15,11110140
서울특별시 종로구 안국동,37.57738646,126.9836077,4,11110141
서울특별시 종로구 소격동,37.57962412,126.9809083,3,11110142
서울특별시 종로구 화동,37.58069118,126.9826967,1,11110143
서울특별시 종로구 사간동,37.57725262,126.9803791,5,11110144
서울특별시 종로구 송현동,37.57675911,126.9818463,0,11110145
서울특별시 종로구 가회동,37.58009681,126.9847845,15,11110146
서울특별시 종로구 재동,37.57830209,126.9852467,1,11110147
서울특별시 종로구 계동,37.58243244,126.9869034,12,11110148
서울특별시 종로구 원서동,37.58393183,126.9882662,17,11110149
서울특별시 종로구 훈정동,37.57436372,126.9941724,0,11110150
서울특별시 종로구 묘동,37.57240661,126.9917455,2,11110151
서울특별시 종로구 봉익동,37.57216522,126.9929953,4,11110152
서울특별시 종로구 돈의동,37.57197045,126.9907268,6,11110153
서울특별시 종로구 장사동,37.56921722,126.9940233,7,11110154
서울특별시 종로구 관수동,37.56906202,126.99046,7,11110155
서울특별시 종로구 종로3가,37.57038842,126.9923298,2,11110156
서울특별시 종로구 인의동,37.57233119,126.9976681,22,11110157
서울특별시 종로구 예지동,37.56962101,126.9983021,4,11110158
서울특별시 종로구 원남동,37.57552071,126.9974959,8,11110159
서울특별시 종로구 연지동,37.57374758,127.0001313,10,11110160
서울특별시 종로구 종로4가,37.57074546,126.9997646,1,11110161
서울특별시 종로구 효제동,37.57259427,127.0030564,5,11110162
서울특별시 종로구 종로5가,37.57060486,127.0035272,3,11110163
서울특별시 종로구 종로6가,37.57189129,127.0075843,11,11110164
서울특별시 종로구 이화동,37.57699468,127.0043381,17,11110165
서울특별시 종로구 연건동,37.57867422,126.9996694,18,11110166
서울특별시 종로구 충신동,37.57494755,127.005959,17,11110167
서울특별시 종로구 동숭동,37.5813771,127.0048727,27,11110168
서울특별시 종로구 혜화동,37.58686244,127.0006069,40,11110169
서울특별시 종로구 명륜1가,37.58910769,126.9974683,32,11110170
서울특별시 종로구 명륜2가,37.58469645,126.9990309,37,11110171
서울특별시 종로구 명륜4가,37.58223134,127.0000725,7,11110172
서울특별시 종로구 명륜3가,37.58956522,126.9930752,39,11110173
서울특별시 종로구 창신동,37.57522451,127.0128282,115,11110174
서울특별시 종로구 숭인동,37.57452802,127.0195976,91,11110175
서울특별시 종로구 교남동,37.5684336,126.9645751,13,11110176
서울특별시 종로구 평동,37.56789727,126.9668437,43,11110177
서울특별시 종로구 송월동,37.57006278,126.9651947,15,11110178
서울특별시 종로구 홍파동,37.5711328,126.9639671,48,11110179
서울특별시 종로구 교북동,37.57178427,126.9612727,15,11110180
서울특별시 종로구 행촌동,37.57332709,126.9622726,38,11110181
서울특별시 종로구 구기동,37.61937397,126.9592998,121,11110182
서울특별시 종로구 평창동,37.6063917,126.9683578,282,11110183
서울특별시 종로구 부암동,37.5924143,126.964061,75,11110184
서울특별시 종로구 홍지동,37.600791,126.9565875,23,11110185
서울특별시 종로구 신영동,37.60250469,126.9618184,57,11110186
서울특별시 종로구 무악동,37.57598547,126.9582457,163,11110187
서울특별시 중구 무교동,37.56815233,126.978996,14,11140101
서울특별시 중구 다동,37.56789321,126.9811739,40,11140102
서울특별시 중구 태평로1가,37.56770872,126.9772348,84,11140103
서울특별시 중구 을지로1가,37.56601183,126.9805088,2,11140104
서울특별시 중구 을지로2가,37.56586098,126.9840041,57,11140105
서울특별시 중구 남대문로1가,37.56786103,126.9828627,1,11140106
서울특별시 중구 삼각동,37.56808107,126.9842255,22,11140107
서울특별시 중구 수하동,37.56726662,126.9846241,17,11140108
서울특별시 중구 장교동,37.56724527,126.9868653,5,11140109
서울특별시 중구 수표동,37.56745096,126.9895004,31,11140110
서울특별시 중구 소공동,37.56389256,126.9797895,13,11140111
서울특별시 중구 남창동,37.5576969,126.9775593,4,11140112
서울특별시 중구 북창동,37.56222,126.9780424,11,11140113
서울특별시 중구 태평로2가,37.56298372,126.976358,189,11140114
서울특별시 중구 남대문로2가,37.56369831,126.9820306,244,11140115
서울특별시 중구 남대문로3가,37.56201137,126.9803197,12,11140116
서울특별시 중구 남대문로4가,37.56010755,126.975458,2,11140117
서울특별시 중구 남대문로5가,37.55757731,126.9742953,364,11140118
서울특별시 중구 봉래동1가,37.55950513,126.9729229,5,11140119
서울특별시 중구 봉래동2가,37.55653859,126.9709683,5,11140120
서울특별시 중구 회현동1가,37.55558921,126.9812041,59,11140121
서울특별시 중구 회현동2가,37.55875377,126.9829191,61,11140122
서울특별시 중구 회현동3가,37.56015228,126.9840597,0,11140123
서울특별시 중구 충무로1가,37.56143503,126.9821625,2,11140124
서울특별시 중구 충무로2가,37.56204859,126.9896098,10,11140125
서울특별시 중구 명동1가,37.56428613,126.9846383,2,11140126
서울특별시 중구 명동2가,37.56288786,126.9852271,12,11140127
서울특별시 중구 남산동1가,37.55933424,126.9845805,8,11140128
서울특별시 중구 남산동2가,37.55841905,126.986396,6,11140129
서울특별시 중구 남산동3가,37.56071855,126.9877628,2,11140130
서울특별시 중구 저동1가,37.56441263,126.9877894,4,11140131
서울특별시 중구 충무로4가,37.56226515,126.9943272,36,11140132
서울특별시 중구 충무로5가,37.56313025,126.999828,10,11140133
서울특별시 중구 인현동2가,37.56420417,126.9961245,8,11140134
서울특별시 중구 예관동,37.56421503,126.998189,28,11140135
서울특별시 중구 묵정동,37.56145439,127.0003712,11,11140136
서울특별시 중구 필동1가,37.56107573,126.992453,6,11140137
서울특별시 중구 필동2가,37.55932071,126.9946263,23,11140138
서울특별시 중구 필동3가,37.55849908,126.997003,15,11140139
서울특별시 중구 남학동,37.56055304,126.9908142,0,11140140
서울특별시 중구 주자동,37.56063941,126.9893881,1,11140141
서울특별시 중구 예장동,37.55521187,126.990086,35,11140142
서울특별시 중구 장충동1가,37.56065408,127.0073251,23,11140143
서울특별시 중구 장충동2가,37.55501767,127.0006021,38,11140144
서울특별시 중구 광희동1가,37.56522399,127.0064517,7,11140145
서울특별시 중구 광희동2가,37.56393003,127.0084075,4,11140146
서울특별시 중구 쌍림동,37.56352661,127.0042105,12,11140147
서울특별시 중구 을지로6가,37.56777199,127.0066331,10,11140148
서울특별시 중구 을지로7가,37.56614998,127.0097434,1,11140149
서울특별시 중구 을지로4가,37.56649276,126.9987549,6,11140150
서울특별시 중구 을지로5가,37.56660807,127.0024313,9,11140151
서울특별시 중구 주교동,37.56825151,126.9993571,2,11140152
서울특별시 중구 방산동,37.56870557,127.0029566,1,11140153
서울특별시 중구 오장동,37.56491061,127.0006927,3,11140154
서울특별시 중구 을지로3가,37.5664565,126.992697,9,11140155
서울특별시 중구 입정동,37.5678116,126.9927285,3,11140156
서울특별시 중구 산림동,37.56772885,126.9955085,4,11140157
서울특별시 중구 충무로3가,37.56267222,126.9913074,14,11140158
서울특별시 중구 초동,37.5644058,126.992181,3,11140159
서울특별시 중구 인현동1가,37.56371393,126.9937295,2,11140160
서울특별시 중구 저동2가,37.56422181,126.989777,9,11140161
서울특별시 중구 신당동,37.56201573,127.0144422,705,11140162
서울특별시 중구 흥인동,37.56729172,127.0163584,12,11140163
서울특별시 중구 무학동,37.56435822,127.0152712,15,11140164
서울특별시 중구 황학동,37.56749994,127.0214158,114,11140165
서울특별시 중구 서소문동,37.56311295,126.9738995,13,11140166
서울특별시 중구 정동,37.56658701,126.9731332,12,11140167
서울특별시 중구 순화동,37.56255718,126.9706944,54,11140168
서울특별시 중구 의주로1가,37.56478736,126.968063,2,11140169
서울특별시 중구 충정로1가,37.56651012,126.9682706,0,11140170
서울특별시 중구 중림동,37.55916822,126.9661776,69,11140171
서울특별시 중구 의주로2가,37.56105403,126.9695677,0,11140172
서울특별시 중구 만리동1가,37.55616281,126.9672881,25,11140173
서울특별시 중구 만리동2가,37.55457608,126.963957,98,11140174
서울특별시 용산구 도동1가,37.54284398,126.973368,0,11170002
서울특별시 용산구 후암동,37.54867983,126.9781505,131,11170101
서울특별시 용산구 용산동2가,37.54191952,126.9829456,53,11170102
서울특별시 용산구 용산동4가,37.53062488,126.9852245,0,11170103
서울특별시 용산구 갈월동,37.54677566,126.9721626,79,11170104
서울특별시 용산구 남영동,37.54284398,126.973368,5,11170105
서울특별시 용산구 용산동1가,37.53999397,126.9769672,2,11170106
서울특별시 용산구 동자동,37.55205196,126.972396,41,11170107
서울특별시 용산구 서계동,37.55296599,126.9669997,32,11170108
서울특별시 용산구 청파동1가,37.54876747,126.9674588,54,11170109
서울특별시 용산구 청파동2가,37.5465142,126.9647982,28,11170110
서울특별시 용산구 청파동3가,37.54324601,126.9669723,24,11170111
서울특별시 용산구 원효로1가,37.5396132,126.9670645,89,11170112
서울특별시 용산구 원효로2가,37.53628921,126.9633231,20,11170113
서울특별시 용산구 신창동,37.53576734,126.9549462,24,11170114
서울특별시 용산구 산천동,37.53541651,126.951801,83,11170115
서울특별시 용산구 청암동,37.53448087,126.9466786,16,11170116
서울특별시 용산구 원효로3가,37.53430511,126.9576353,25,11170117
서울특별시 용산구 원효로4가,37.53225169,126.9505902,132,11170118
서울특별시 용산구 효창동,37.54245881,126.9618989,145,11170119
서울특별시 용산구 도원동,37.53812082,126.9551258,80,11170120
서울특별시 용산구 용문동,37.53768644,126.9598828,62,11170121
서울특별시 용산구 문배동,37.53710184,126.9694054,128,11170122
서울특별시 용산구 신계동,37.53582531,126.9667403,63,11170123
서울특별시 용산구 한강로1가,37.53397806,126.9730544,73,11170124
서울특별시 용산구 한강로2가,37.5315623,126.9686836,139,11170125
서울특별시 용산구 용산동3가,37.53186694,126.9769652,7,11170126
서울특별시 용산구 용산동5가,37.52614325,126.974365,66,11170127
서울특별시 용산구 한강로3가,37.52766086,126.9621824,191,11170128
서울특별시 용산구 이촌동,37.51419543,126.9720978,890,11170129
서울특별시 용산구 이태원동,37.54026621,126.9915273,215,11170130
서울특별시 용산구 한남동,37.53462986,127.0005521,319,11170131
서울특별시 용산구 동빙고동,37.5244124,126.9951129,99,11170132
서울특별시 용산구 서빙고동,37.52046238,126.9946381,142,11170133
서울특별시 용산구 주성동,37.52157254,126.9992217,16,11170134
서울특별시 용산구 용산동6가,37.52355311,126.9803298,1,11170135
서울특별시 용산구 보광동,37.52627217,127.000172,98,11170136
서울특별시 성동구 상왕십리동,37.56843271,127.0247847,59,11200101
서울특별시 성동구 하왕십리동,37.56191221,127.0287032,393,11200102
서울특별시 성동구 홍익동,37.56635502,127.0322138,24,11200103
서울특별시 성동구 도선동,37.56379583,127.0335302,39,11200104
서울특별시 성동구 마장동,37.56637955,127.0453258,263,11200105
서울특별시 성동구 사근동,37.56149975,127.0453273,32,11200106
서울특별시 성동구 행당동,37.55830591,127.0370317,638,11200107
서울특별시 성동구 응봉동,37.55316049,127.0334168,224,11200108
서울특별시 성동구 금호동1가,37.55488572,127.0227929,209,11200109
서울특별시 성동구 금호동2가,37.55299407,127.0204068,139,11200110
서울특별시 성동구 금호동3가,37.54993071,127.020166,116,11200111
서울특별시 성동구 금호동4가,37.54473258,127.0261619,243,11200112
서울특별시 성동구 옥수동,37.54358864,127.0134383,486,11200113
서울특별시 성동구 성수동1가,37.54172539,127.043351,872,11200114
서울특별시 성동구 성수동2가,37.54096274,127.0570193,485,11200115
서울특별시 성동구 송정동,37.55453226,127.0695691,73,11200118
서울특별시 성동구 용답동,37.56407582,127.0555791,176,11200122
서울특별시 광진구 중곡동,37.56174775,127.0904014,557,11215101
서울특별시 광진구 능동,37.55377926,127.0805369,100,11215102
서울특별시 광진구 구의동,37.55027412,127.0931352,829,11215103
서울특별시 광진구 광장동,37.54685653,127.1030257,650,11215104
서울특별시 광진구 자양동,37.5311078,127.0730183,980,11215105
서울특별시 광진구 노유동,37.5311078,127.0730183,0,11215106
서울특별시 광진구 화양동,37.54647626,127.0713676,110,11215107
서울특별시 광진구 군자동,37.55514464,127.0759028,144,11215109
서울특별시 동대문구 신설동,37.57496296,127.0255386,29,11230101
서울특별시 동대문구 용두동,37.57541865,127.0335988,263,11230102
서울특별시 동대문구 제기동,37.58311546,127.0378184,168,11230103
서울특별시 동대문구 전농동,37.57932861,127.0539783,460,11230104
서울특별시 동대문구 답십리동,37.56906683,127.0566558,613,11230105
서울특별시 동대문구 장안동,37.56969671,127.0714396,705,11230106
서울특별시 동대문구 청량리동,37.58625111,127.0472897,141,11230107
서울특별시 동대문구 회기동,37.5907886,127.0553725,75,11230108
서울특별시 동대문구 휘경동,37.59085536,127.0657305,334,11230109
서울특별시 동대문구 이문동,37.60040551,127.0663731,286,11230110
서울특별시 중랑구 면목동,37.58037158,127.0876616,968,11260101
서울특별시 중랑구 상봉동,37.59676882,127.0887543,397,11260102
서울특별시 중랑구 중화동,37.59946182,127.0773203,245,11260103
서울특별시 중랑구 묵동,37.61238077,127.079182,456,11260104
서울특별시 중랑구 망우동,37.59551304,127.1039624,345,11260105
서울특별시 중랑구 신내동,37.60587478,127.0993653,644,11260106
서울특별시 성북구 성북동,37.59104661,127.0032745,154,11290101
서울특별시 성북구 성북동1가,37.58951491,127.0036141,15,11290102
서울특별시 성북구 돈암동,37.5962792,127.0099103,557,11290103
서울특별시 성북구 동소문동1가,37.59002651,127.0072102,10,11290104
서울특별시 성북구 동소문동2가,37.58870739,127.0082382,2,11290105
서울특별시 성북구 동소문동3가,37.58986048,127.0104892,0,11290106
서울특별시 성북구 동소문동4가,37.59175976,127.0106389,22,11290107
서울특별시 성북구 동소문동5가,37.5916367,127.0153719,9,11290108
서울특별시 성북구 동소문동6가,37.59334155,127.0139953,4,11290109
서울특별시 성북구 동소문동7가,37.59632922,127.0141906,33,11290110
서울특별시 성북구 삼선동1가,37.58468174,127.0083962,25,11290111
서울특별시 성북구 삼선동2가,37.58336964,127.0114393,63,11290112
서울특별시 성북구 삼선동3가,37.58650853,127.0130928,39,11290113
서울특별시 성북구 삼선동4가,37.59035029,127.013723,31,11290114
서울특별시 성북구 삼선동5가,37.58853362,127.0158513,43,11290115
서울특별시 성북구 동선동1가,37.59231024,127.0182118,8,11290116
서울특별시 성북구 동선동2가,37.59016559,127.020041,8,11290117
서울특별시 성북구 동선동3가,37.59449385,127.0205993,12,11290118
서울특별시 성북구 동선동4가,37.59522218,127.0186337,19,11290119
서울특별시 성북구 동선동5가,37.59592883,127.0168448,12,11290120
서울특별시 성북구 안암동1가,37.5883886,127.0213584,50,11290121
서울특별시 성북구 안암동2가,37.5865288,127.0221686,9,11290122
서울특별시 성북구 안암동3가,37.58353368,127.0233134,20,11290123
서울특별시 성북구 안암동4가,37.58070068,127.0246484,5,11290124
서울특별시 성북구 안암동5가,37.58839777,127.0290214,17,11290125
서울특별시 성북구 보문동4가,37.58289615,127.0213478,14,11290126
서울특별시 성북구 보문동5가,37.58238461,127.0200661,4,11290127
서울특별시 성북구 보문동6가,37.5803846,127.0188429,62,11290128
서울특별시 성북구 보문동7가,37.57981813,127.0225515,5,11290129
서울특별시 성북구 보문동1가,37.5864896,127.019646,3,11290130
서울특별시 성북구 보문동2가,37.58574741,127.0182102,9,11290131
서울특별시 성북구 보문동3가,37.58388804,127.016353,40,11290132
서울특별시 성북구 정릉동,37.61858083,126.9954828,895,11290133
서울특별시 성북구 길음동,37.60766583,127.0233436,610,11290134
서울특별시 성북구 종암동,37.59906023,127.0352129,382,11290135
서울특별시 성북구 하월곡동,37.6075035,127.0378126,403,11290136
서울특별시 성북구 상월곡동,37.60691333,127.045527,74,11290137
서울특별시 성북구 장위동,37.61705684,127.0495655,437,11290138
서울특별시 성북구 석관동,37.61298602,127.0614008,280,11290139
서울특별시 강북구 미아동,37.62708313,127.0270608,1030,11305101
서울특별시 강북구 번동,37.62410574,127.0413372,332,11305102
서울특별시 강북구 수유동,37.64246218,127.0220945,664,11305103
서울특별시 강북구 우이동,37.66326973,127.001895,92,11305104
서울특별시 도봉구 쌍문동,37.65131911,127.0291909,523,11320105
서울특별시 도봉구 방학동,37.66589755,127.0268754,611,11320106
서울특별시 도봉구 창동,37.65225821,127.0454323,1148,11320107
서울특별시 도봉구 도봉동,37.68739601,127.0214956,383,11320108
서울특별시 노원구 월계동,37.61991919,127.0629877,722,11350102
서울특별시 노원구 공릉동,37.62484311,127.0738213,799,11350103
서울특별시 노원구 하계동,37.64048853,127.0726856,541,11350104
서울특별시 노원구 상계동,37.66125058,127.0602528,1848,11350105
서울특별시 노원구 중계동,37.65255505,127.0774886,1156,11350106
서울특별시 은평구 수색동,37.58352053,126.8936722,145,11380101
서울특별시 은평구 녹번동,37.60221616,126.92992,457,11380102
서울특별시 은평구 불광동,37.61765233,126.9370595,554,11380103
서울특별시 은평구 갈현동,37.61986528,126.9143672,336,11380104
서울특별시 은평구 구산동,37.61175703,126.9103762,246,11380105
서울특별시 은평구 대조동,37.61418996,126.9208251,152,11380106
서울특별시 은평구 응암동,37.5963273,126.9241097,793,11380107
서울특별시 은평구 역촌동,37.60439766,126.9151233,362,11380108
서울특별시 은평구 신사동,37.59492147,126.9084759,404,11380109
서울특별시 은평구 증산동,37.58430306,126.9070398,139,11380110
서울특별시 은평구 진관동,37.63496688,126.9210659,877,11380114
서울특별시 서대문구 충정로2가,37.5648511,126.9641195,10,11410101
서울특별시 서대문구 충정로3가,37.56207897,126.961984,56,11410102
서울특별시 서대문구 합동,37.56152879,126.9660317,21,11410103
서울특별시 서대문구 미근동,37.56329509,126.9672532,30,11410104
서울특별시 서대문구 냉천동,37.56678216,126.9619635,43,11410105
서울특별시 서대문구 천연동,37.56748014,126.9584044,50,11410106
서울특별시 서대문구 옥천동,37.56955981,126.9589013,2,11410107
서울특별시 서대문구 영천동,37.57038793,126.9566822,47,11410108
서울특별시 서대문구 현저동,37.5737855,126.954072,90,11410109
서울특별시 서대문구 북아현동,37.55956524,126.9569012,329,11410110
서울특별시 서대문구 홍제동,37.5858458,126.9487252,578,11410111
서울특별시 서대문구 대현동,37.56076865,126.9472122,62,11410112
서울특별시 서대문구 대신동,37.56406497,126.9443304,12,11410113
서울특별시 서대문구 신촌동,37.56515088,126.9392769,10,11410114
서울특별시 서대문구 봉원동,37.5725932,126.9469639,5,11410115
서울특별시 서대문구 창천동,37.55868621,126.9341936,60,11410116
서울특별시 서대문구 연희동,37.57391001,126.9352308,402,11410117
서울특별시 서대문구 홍은동,37.59089081,126.9332187,527,11410118
서울특별시 서대문구 북가좌동,37.5780816,126.9103985,530,11410119
서울특별시 서대문구 남가좌동,37.57554738,126.9195484,653,11410120
서울특별시 마포구 아현동,37.55447244,126.9559128,405,11440101
서울특별시 마포구 공덕동,37.55017435,126.9600345,398,11440102
서울특별시 마포구 신공덕동,37.54371439,126.9555615,230,11440103
서울특별시 마포구 도화동,37.54154971,126.9498735,367,11440104
서울특별시 마포구 용강동,37.54227449,126.942776,156,11440105
서울특별시 마포구 토정동,37.53889606,126.9397825,18,11440106
서울특별시 마포구 마포동,37.53711407,126.9438255,91,11440107
서울특별시 마포구 대흥동,37.54989364,126.9434039,234,11440108
서울특별시 마포구 염리동,37.54706196,126.9456557,183,11440109
서울특별시 마포구 노고산동,37.55435262,126.9379095,28,11440110
서울특별시 마포구 신수동,37.54702066,126.9352269,199,11440111
서울특별시 마포구 현석동,37.54216196,126.9342896,109,11440112
서울특별시 마포구 구수동,37.54573613,126.9325393,10,11440113
서울특별시 마포구 창전동,37.54927364,126.9297704,232,11440114
서울특별시 마포구 상수동,37.54562693,126.9247768,134,11440115
서울특별시 마포구 하중동,37.54357453,126.9277797,38,11440116
서울특별시 마포구 신정동,37.5431616,126.9303329,24,11440117
서울특별시 마포구 당인동,37.54375306,126.9196278,14,11440118
서울특별시 마포구 서교동,37.55510931,126.9145907,228,11440120
서울특별시 마포구 동교동,37.55720853,126.9222617,66,11440121
서울특별시 마포구 합정동,37.55166181,126.9117564,190,11440122
서울특별시 마포구 망원동,37.55678566,126.9013473,366,11440123
서울특별시 마포구 연남동,37.56447761,126.9220232,163,11440124
서울특별시 마포구 성산동,37.56288276,126.9092848,548,11440125
서울특별시 마포구 중동,37.57166276,126.9055839,129,11440126
서울특별시 마포구 상암동,37.57832091,126.8946894,514,11440127
서울특별시 양천구 신정동,37.51855268,126.8543543,2323,11470101
서울특별시 양천구 목동,37.53043641,126.8709893,2154,11470102
서울특별시 양천구 신월동,37.53281582,126.8315359,1086,11470103
서울특별시 강서구 염창동,37.55373624,126.8709853,714,11500101
서울특별시 강서구 등촌동,37.56223748,126.8436708,953,11500102
서울특별시 강서구 화곡동,37.5362848,126.8489523,1980,11500103
서울특별시 강서구 가양동,37.56936733,126.8473234,1374,11500104
서울특별시 강서구 마곡동,37.57478595,126.8302052,4101,11500105
서울특별시 강서구 내발산동,37.55437376,126.8332664,501,11500106
서울특별시 강서구 외발산동,37.54384275,126.8208563,28,11500107
서울특별시 강서구 공항동,37.5588726,126.8101091,195,11500108
서울특별시 강서구 방화동,37.57130907,126.8118208,761,11500109
서울특별시 강서구 개화동,37.5913312,126.8108646,42,11500110
서울특별시 강서구 과해동,37.56560273,126.7877124,6,11500111
서울특별시 강서구 오곡동,37.55156768,126.7831169,0,11500112
서울특별시 강서구 오쇠동,37.54345974,126.7979184,2,11500113
서울특별시 구로구 신도림동,37.50778091,126.8806102,562,11530101
서울특별시 구로구 구로동,37.49577074,126.8826422,2276,11530102
서울특별시 구로구 가리봉동,37.48253275,126.8897181,60,11530103
서울특별시 구로구 고척동,37.50139774,126.8635571,507,11530106
서울특별시 구로구 개봉동,37.49301153,126.8577466,769,11530107
서울특별시 구로구 오류동,37.48894613,126.8354925,448,11530108
서울특별시 구로구 궁동,37.50187311,126.8274572,122,11530109
서울특별시 구로구 온수동,37.49414667,126.8205861,111,11530110
서울특별시 구로구 천왕동,37.48027741,126.8399932,116,11530111
서울특별시 구로구 항동,37.48018531,126.8234098,240,11530112
서울특별시 금천구 가산동,37.47687632,126.8917795,849,11545101
서울특별시 금천구 독산동,37.46814325,126.899393,955,11545102
서울특별시 금천구 시흥동,37.4476688,126.9084522,947,11545103
서울특별시 영등포구 영등포동,37.51340461,126.9061596,160,11560101
서울특별시 영등포구 영등포동1가,37.51783931,126.9131853,54,11560102
서울특별시 영등포구 영등포동2가,37.52079696,126.9115077,46,11560103
서울특별시 영등포구 영등포동3가,37.51827138,126.9078774,6,11560104
서울특별시 영등포구 영등포동4가,37.5178895,126.9035523,26,11560105
서울특별시 영등포구 영등포동5가,37.52107437,126.9066884,17,11560106
서울특별시 영등포구 영등포동6가,37.52159051,126.9031674,21,11560107
서울특별시 영등포구 영등포동7가,37.52401557,126.9071146,152,11560108
서울특별시 영등포구 영등포동8가,37.52830286,126.9052539,94,11560109
서울특별시 영등포구 여의도동,37.52678492,126.9301671,2686,11560110
서울특별시 영등포구 당산동1가,37.52166231,126.8985474,62,11560111
서울특별시 영등포구 당산동2가,37.52246538,126.8937363,65,11560112
서울특별시 영등포구 당산동3가,37.52584858,126.8967136,162,11560113
서울특별시 영등포구 당산동4가,37.5290654,126.8990759,250,11560114
서울특별시 영등포구 당산동5가,37.53209817,126.9012033,256,11560115
서울특별시 영등포구 당산동6가,37.53379495,126.9047356,34,11560116
서울특별시 영등포구 당산동,37.54025842,126.9021657,124,11560117
서울특별시 영등포구 도림동,37.50943884,126.8959445,187,11560118
서울특별시 영등포구 문래동1가,37.51227971,126.8969811,12,11560119
서울특별시 영등포구 문래동2가,37.51274475,126.8930579,18,11560120
서울특별시 영등포구 문래동3가,37.51659718,126.8968168,252,11560121
서울특별시 영등포구 문래동4가,37.51445729,126.8898295,28,11560122
서울특별시 영등포구 문래동5가,37.51628656,126.8844154,87,11560123
서울특별시 영등포구 문래동6가,37.51948205,126.8868222,201,11560124
서울특별시 영등포구 양평동1가,37.52346221,126.8882234,84,11560125
서울특별시 영등포구 양평동2가,37.52348532,126.8823364,96,11560126
서울특별시 영등포구 양평동3가,37.52936818,126.8910158,258,11560127
서울특별시 영등포구 양평동4가,37.53693094,126.8967662,110,11560128
서울특별시 영등포구 양평동5가,37.53935636,126.8926397,126,11560129
서울특별시 영등포구 양평동6가,37.54232769,126.8905036,65,11560130
서울특별시 영등포구 양화동,37.5496246,126.8854549,1,11560131
서울특별시 영등포구 신길동,37.50416632,126.9140697,1096,11560132
서울특별시 영등포구 대림동,37.49250872,126.9020063,463,11560133
서울특별시 영등포구 양평동,37.52821709,126.8857139,0,11560047
서울특별시 동작구 노량진동,37.51070581,126.9403933,294,11590101
서울특별시 동작구 상도동,37.49851631,126.9390142,1268,11590102
서울특별시 동작구 상도1동,37.50323182,126.9497453,85,11590103
서울특별시 동작구 본동,37.51302936,126.9542043,178,11590104
서울특별시 동작구 흑석동,37.50577502,126.9665908,483,11590105
서울특별시 동작구 동작동,37.49921393,126.9738766,108,11590106
서울특별시 동작구 사당동,37.48393267,126.9731357,1090,11590107
서울특별시 동작구 대방동,37.50816426,126.9263435,420,11590108
서울특별시 동작구 신대방동,37.4930125,126.9149419,498,11590109
서울특별시 관악구 봉천동,37.48253849,126.9521652,2151,11620101
서울특별시 관악구 신림동,37.48741277,126.9271237,1762,11620102
서울특별시 관악구 남현동,37.47456676,126.9778465,218,11620103
서울특별시 서초구 방배동,37.48341301,126.994487,1940,11650101
서울특별시 서초구 양재동,37.47200403,127.0374639,1532,11650102
서울특별시 서초구 우면동,37.46465302,127.0160512,501,11650103
서울특별시 서초구 원지동,37.44331172,127.048637,3,11650104
서울특별시 서초구 잠원동,37.51491869,127.0141028,999,11650106
서울특별시 서초구 반포동,37.50514468,127.0133591,1624,11650107
서울특별시 서초구 서초동,37.4900862,127.0195348,3265,11650108
서울특별시 서초구 내곡동,37.45824631,127.0769169,176,11650109
서울특별시 서초구 염곡동,37.46229919,127.0539076,29,11650110
서울특별시 서초구 신원동,37.44401898,127.062171,173,11650111
서울특별시 강남구 학동,37.51426469,127.0320031,0,11680033
서울특별시 강남구 역삼동,37.49536669,127.0330654,5488,11680101
서울특별시 강남구 포이동,37.48192513,127.0574402,0,11680102
서울특별시 강남구 개포동,37.48192513,127.0574402,1186,11680103
서울특별시 강남구 청담동,37.52502933,127.049233,526,11680104
서울특별시 강남구 삼성동,37.51432257,127.062831,971,11680105
서울특별시 강남구 대치동,37.49324215,127.0566935,8101,11680106
서울특별시 강남구 신사동,37.52398503,127.0227745,283,11680107
서울특별시 강남구 논현동,37.51264515,127.0301548,731,11680108
서울특별시 강남구 압구정동,37.53066864,127.0308092,730,11680110
서울특별시 강남구 세곡동,37.4644401,127.1067603,295,11680111
서울특별시 강남구 자곡동,37.4733904,127.0921806,462,11680112
서울특별시 강남구 율현동,37.47097651,127.1158177,129,11680113
서울특별시 강남구 일원동,37.47956549,127.08043,725,11680114
서울특별시 강남구 수서동,37.48888786,127.105004,461,11680115
서울특별시 강남구 도곡동,37.49095372,127.038482,1208,11680118
서울특별시 송파구 잠실동,37.51195647,127.0882828,1825,11710101
서울특별시 송파구 신천동,37.51829264,127.1013666,797,11710102
서울특별시 송파구 풍납동,37.53805888,127.122226,532,11710103
서울특별시 송파구 송파동,37.50609292,127.1095792,622,11710104
서울특별시 송파구 석촌동,37.50356463,127.1036674,371,11710105
서울특별시 송파구 삼전동,37.50272334,127.0925197,322,11710106
서울특별시 송파구 가락동,37.49654217,127.1057294,1690,11710107
서울특별시 송파구 문정동,37.4847415,127.1182677,1354,11710108
서울특별시 송파구 장지동,37.47855526,127.1365732,835,11710109
서울특별시 송파구 방이동,37.51101264,127.1239237,1012,11710111
서울특별시 송파구 오금동,37.50297483,127.1281039,578,11710112
서울특별시 송파구 거여동,37.49692423,127.1433103,405,11710113
서울특별시 송파구 마천동,37.49602585,127.1499036,303,11710114
서울특별시 강동구 명일동,37.54944033,127.1503047,668,11740101
서울특별시 강동구 고덕동,37.56416612,127.1559393,921,11740102
서울특별시 강동구 상일동,37.55058375,127.1683004,804,11740103
서울특별시 강동구 길동,37.53448596,127.1427123,526,11740105
서울특별시 강동구 둔촌동,37.52718829,127.1423545,338,11740106
서울특별시 강동구 암사동,37.55911405,127.1316859,900,11740107
서울특별시 강동구 성내동,37.52927481,127.1300269,819,11740108
서울특별시 강동구 천호동,37.54222186,127.1286689,817,11740109
서울특별시 강동구 강일동,37.56494469,127.1739197,361,11740110
